,index,District_Name,Type,latitude,longitude
0,0,praha-petrovice,playground,14.56323719,50.038024902
1,1,praha 8,playground,14.438850403,50.13401413
2,2,praha 3,playground,14.476410866,50.094387054
3,3,praha 22,playground,14.593131065,50.036453247
4,4,praha 15,playground,14.539891243,50.043731689
5,5,praha-dubec,playground,14.578857422,50.058303833
6,6,praha 5,playground,14.376726151,50.040672302
7,7,praha 5,playground,14.394289017,50.039928436
8,8,praha 3,playground,14.460893631,50.084918976
9,9,praha 2,playground,14.443644524,50.075458527
10,10,praha 8,playground,14.474110603,50.110366821
11,11,praha 4,playground,14.450510979,50.024711609
12,12,praha 4,playground,14.438419342,50.062217712
13,13,praha 13,playground,14.338851929,50.03900528
14,14,praha 15,playground,14.55935955,50.041461945
15,15,praha 5,playground,14.360547066,50.039173126
16,16,praha 11,playground,14.530841827,50.028141022
17,17,praha 8,playground,14.428703308,50.130802155
18,18,praha 11,playground,14.51568222,50.028644562
19,19,praha 20,playground,14.613753319,50.11164856
20,20,praha 3,playground,14.480360985,50.094364166
21,21,praha 4,playground,14.409045219,50.03515625
22,22,praha 13,playground,14.315634727,50.051818848
23,23,praha 6,playground,14.373285294,50.098304749
24,24,praha 1,playground,14.42376709,50.082542419
25,25,praha 15,playground,14.547661781,50.037506104
26,26,praha 6,playground,14.33605957,50.083965302
27,27,praha 19,playground,14.551672935,50.132972717
28,28,praha 11,playground,14.497822762,50.038227081
29,29,praha-kunratice,playground,14.465678215,50.024188995
30,30,praha 7,playground,14.425937653,50.096256256
31,31,praha-velka-chuchle,playground,14.387671471,50.022670746
32,32,praha 4,playground,14.46777153,50.035312653
33,33,praha 10,playground,14.48910141,50.074436188
34,34,praha 11,playground,14.512310028,50.028846741
35,35,praha 9,playground,14.499235153,50.11712265
36,36,praha 17,playground,14.318553925,50.072040558
37,37,praha 15,playground,14.513507843,50.046081543
38,38,praha 4,playground,14.476807594,50.048984528
39,39,praha 7,playground,14.420970917,50.104606628
40,40,praha-suchdol,playground,14.372724533,50.134159088
41,41,praha 22,playground,14.611674309,50.03320694
42,42,praha 3,playground,14.465281487,50.090747833
43,43,praha 3,playground,14.458648682,50.085216522
44,44,praha 10,playground,14.504220009,50.056983948
45,45,praha 8,playground,14.46098423,50.132259369
46,46,praha 20,playground,14.620864868,50.116016388
47,47,praha 14,playground,14.575983047,50.10459137
48,48,praha-dablice,playground,14.461966515,50.137016296
49,49,praha 6,playground,14.34287262,50.082065582
50,50,praha 5,playground,14.359776497,50.052265167
51,51,praha 2,playground,14.427121162,50.066875458
52,52,praha-kunratice,playground,14.484329224,50.025470734
53,53,praha 7,playground,14.448491096,50.101711273
54,54,praha 1,playground,14.430622101,50.093109131
55,55,praha-klanovice,playground,14.669448853,50.094795227
56,56,praha 3,playground,14.480747223,50.081214905
57,57,praha 13,playground,14.334768295,50.042934418
58,58,praha 8,playground,14.449913025,50.128265381
59,59,praha-velka-chuchle,playground,14.395261765,50.027431488
60,60,praha 17,playground,14.304888725,50.067085266
61,61,praha 13,playground,14.322937012,50.042636871
62,62,praha 4,playground,14.419308662,50.055233002
63,63,praha 7,playground,14.421901703,50.102954865
64,64,praha 9,playground,14.497458458,50.121124268
65,65,praha 7,playground,14.415323257,50.100845337
66,66,praha 2,playground,14.416042328,50.067962646
67,67,praha 3,playground,14.463318825,50.085502625
68,68,praha 10,playground,14.445242882,50.072551727
69,69,praha 3,playground,14.463023186,50.090602875
70,70,praha 1,playground,14.408036232,50.083118439
71,71,praha 8,playground,14.460256577,50.094970703
72,72,praha-zbraslav,playground,14.395677567,49.971691132
73,73,praha 8,playground,14.436220169,50.129760742
74,74,praha 18,playground,14.508386612,50.133216858
75,75,praha 5,playground,14.397183418,50.078079224
76,76,praha 6,playground,14.387363434,50.0912323
77,77,praha 13,playground,14.338401794,50.048431396
78,78,praha 6,playground,14.355875969,50.078681946
79,79,praha 1,playground,14.402903557,50.083374023
80,80,praha 7,playground,14.413350105,50.108131409
81,81,praha 5,playground,14.39943409,50.074619293
82,82,praha 2,playground,14.44836235,50.075839996
83,83,praha 1,playground,14.422737122,50.092597961
84,84,praha 10,playground,14.504192352,50.069190979
85,85,praha 12,playground,14.425319672,50.012294769
86,86,praha 14,playground,14.572277069,50.105449677
87,87,praha 8,playground,14.466581345,50.108283997
88,88,praha 10,playground,14.457645416,50.064941406
89,89,praha-dablice,playground,14.471165657,50.138473511
90,90,praha 11,playground,14.478853226,50.029663086
91,91,praha 5,playground,14.379924774,50.074111938
92,92,praha 3,playground,14.477972984,50.089004517
93,93,praha 15,playground,14.520215034,50.040969849
94,94,praha 15,playground,14.527738571,50.040603638
95,95,praha 4,playground,14.418906212,50.058681488
96,96,praha 7,playground,14.417524338,50.107757568
97,97,praha 7,playground,14.409996033,50.105632782
98,98,praha 10,playground,14.507855415,50.055316925
99,99,praha 2,playground,14.444430351,50.070556641
100,100,praha 6,playground,14.364491463,50.079750061
101,101,praha 9,playground,14.492841721,50.110687256
102,102,praha 1,playground,14.412963867,50.077907562
103,103,praha 3,playground,14.480358124,50.089435577
104,104,praha 6,playground,14.396820068,50.104187012
105,105,praha 7,playground,14.428973198,50.096961975
106,106,praha 4,playground,14.402524948,50.028640747
107,107,praha-seberov,playground,14.513963699,50.0102005
108,108,praha 3,playground,14.474252701,50.087833405
109,109,praha-klanovice,playground,14.68299675,50.092674255
110,110,praha 3,playground,14.481222153,50.089717865
111,111,praha 13,playground,14.328701019,50.042861938
112,112,praha 1,playground,14.424742699,50.089168549
113,113,praha-dubec,playground,14.587757111,50.061553955
114,114,praha 10,playground,14.498722076,50.084514618
115,115,praha 4,playground,14.452814102,50.025356293
116,116,praha 13,playground,14.337788582,50.036140442
117,117,praha 1,playground,14.409308434,50.087097168
118,118,praha 5,playground,14.367668152,50.052555084
119,119,praha 13,playground,14.329631805,50.045280457
120,120,praha 3,playground,14.443138123,50.082386017
121,121,praha 22,playground,14.598249435,50.03055191
122,122,praha 5,playground,14.41085434,50.069023132
123,123,praha 15,playground,14.542808533,50.04561615
124,124,praha 7,playground,14.418932915,50.096240997
125,125,praha 2,playground,14.443247795,50.081016541
126,126,praha 3,playground,14.454880714,50.089557648
127,127,praha 8,playground,14.448338509,50.128952026
128,128,praha 2,playground,14.421035767,50.063480377
129,129,praha 4,playground,14.457939148,50.046638489
130,130,praha 6,playground,14.328093529,50.083385468
131,131,praha 10,playground,14.498297691,50.079780579
132,132,praha-zbraslav,playground,14.384931564,49.967803955
133,133,praha 11,playground,14.498053551,50.036869049
134,134,praha 5,playground,14.403386116,50.079425812
135,135,praha 12,playground,14.423136711,50.0104599
136,136,praha 7,playground,14.42296505,50.105220795
137,137,praha 10,playground,14.501416206,50.057128906
138,138,praha-velka-chuchle,playground,14.38172245,50.020629883
139,139,praha 10,playground,14.49121666,50.071304321
140,140,praha-kunratice,playground,14.472966194,50.021533966
141,141,praha 1,playground,14.394468307,50.083007812
142,142,praha 21,playground,14.657979965,50.077693939
143,143,praha 4,playground,14.476556778,50.046363831
144,144,praha 1,playground,14.434423447,50.085266113
145,0,praha 5,sport,50.05215403523009,14.360771960990355
146,1,praha 5,sport,50.06892532583064,14.345477820873471
147,2,praha 1,sport,50.08592444214888,14.431105718564291
148,3,praha 12,sport,50.00901083262174,14.44719785483873
149,4,praha 7,sport,50.09668997605231,14.440139973887879
150,5,praha 4,sport,50.05464383654553,14.431602231346233
151,6,praha 9,sport,50.133258633302944,14.545763914536202
152,7,praha 8,sport,50.09050396641471,14.449387899099863
153,8,praha 7,sport,50.10142401526344,14.4160344476888
154,9,praha 8,sport,50.12396752596793,14.43722139298302
155,10,praha 1,sport,50.08302492368279,14.425418445063073
156,11,praha 4,sport,50.02526159449484,14.515734703445068
157,12,praha 4,sport,20.56071000000003,-97.47550999999999
158,13,praha 9,sport,50.127230091404755,14.52931725738597
159,14,praha 4,sport,50.04995863113857,14.421244799873147
160,15,praha 5,sport,50.02115656757464,14.358207871228306
161,16,praha 7,sport,50.10179821259168,14.416833207311566
162,17,praha 8,sport,50.09292075491955,14.453397020543564
163,18,praha 4,sport,50.04056979739167,14.44766439526205
164,19,praha 6,sport,50.08430730336427,14.373715101448413
165,20,praha 6,sport,50.08896983873858,14.343746191095834
166,21,praha 9,sport,50.12138721899697,14.501349092446048
167,22,praha 1,sport,50.09109272799934,14.416395423250114
168,23,praha 5,sport,50.06992948514059,14.372298775463126
169,24,praha 6,sport,50.09319967110052,14.33493455135891
170,25,praha 8,sport,50.12651279877662,14.436375465433741
171,26,praha 11,sport,50.00814235296376,14.572576179295764
172,27,praha 5,sport,50.0266315434244,14.367430276184274
173,28,praha 10,sport,50.07158638457294,14.552471158142056
174,29,praha 4,sport,50.018955482687744,14.432660863725543
175,30,praha 5,sport,50.0513285833577,14.363012284552388
176,31,praha 8,sport,50.108948496537565,14.467548705089866
177,32,praha 3,sport,50.07743955063777,14.454931059813017
178,33,praha 9,sport,50.107923449362254,14.48690214516127
179,34,praha 6,sport,50.10119385039535,14.40139800043268
180,35,praha 7,sport,50.099289600611684,14.434477832765966
181,36,praha 1,sport,50.08503001748514,14.418217467107192
182,37,praha 1,sport,50.08302492368279,14.425418445063073
183,38,praha 1,sport,50.077439496537565,14.423242782820692
184,39,praha 7,sport,50.101663337497826,14.426623497374267
185,40,praha 10,sport,50.06925369995396,14.479455310029355
186,41,praha 7,sport,50.099049314039135,14.416176833833836
187,42,praha 1,sport,50.09008494809284,14.43558803220033
188,43,praha 7,sport,50.10477595530619,14.430639772952963
189,44,praha 4,sport,50.03110292812619,14.525201070344599
190,45,praha 4,sport,50.0477606011313,14.455094714553585
191,46,praha 8,sport,50.092868839027055,14.456860573431676
192,47,praha 7,sport,50.10142401526344,14.4160344476888
193,48,praha 7,sport,50.10142401526344,14.4160344476888
194,49,praha 2,sport,50.076956137659444,14.433774882335872
195,50,praha 5,sport,50.0752915822325,14.353632751428435
196,51,praha 1,sport,50.083442559813015,14.40448324886002
197,52,praha 4,sport,50.03435125867046,14.523859703704865
198,53,praha 6,sport,50.08385990459124,14.382064275027986
199,54,praha 8,sport,50.1311561579432,14.475751356079487
200,55,praha 4,sport,50.04655199999999,14.436091270500109
201,56,praha 8,sport,50.09618781013684,14.457479297279908
202,57,praha 8,sport,50.147151000000065,14.450468786000044
203,58,praha 4,sport,50.052615286975644,14.453345778492865
204,59,praha 3,sport,50.07679164363204,14.452490308788624
205,60,praha 9,sport,50.11456803049824,14.489231381470503
206,61,praha 2,sport,50.070364732442734,14.434243377719577
207,62,praha 3,sport,50.09128537275657,14.480267684286485
208,63,praha 4,sport,50.01403327226046,14.456190420076103
209,64,praha 7,sport,50.1062831873449,14.435339232731202
210,65,praha 9,sport,50.1208637702403,14.501304221738277
211,66,praha 7,sport,50.10590887593055,14.434526314472775
212,67,praha 3,sport,50.08251117958329,14.446504928386009
213,68,praha 10,sport,50.07605756203471,14.489502499740196
214,69,praha 6,sport,50.105861057995355,14.38826837235254
215,70,praha 6,sport,50.105861057995355,14.38826837235254
216,71,praha 10,sport,50.072986561746255,14.463972230365268
217,72,praha 3,sport,50.09241449235396,14.489239217179291
218,73,praha 3,sport,50.08283978045476,14.448236830284475
219,74,praha 1,sport,50.08832353621104,14.431652255900495
220,75,praha 10,sport,50.05406053621103,14.487489408823372
221,76,praha 1,sport,50.08832353621104,14.431652255900495
222,77,praha 9,sport,50.10499582988042,14.490769239367648
223,78,praha 8,sport,50.14669256815156,14.444867103353001
224,79,praha 6,sport,50.06600016180968,14.3037147921402
225,80,praha 7,sport,50.099636620030076,14.428435206907531
226,81,praha 5,sport,50.071654561746264,14.405912674995669
227,82,praha 3,sport,50.075875445467105,14.465398384817378
228,83,praha 10,sport,50.07530952484273,14.491223846673094
229,84,praha 8,sport,50.10574798612154,14.472759515811696
230,85,praha 4,sport,50.046410787668144,14.415682144180307
231,86,praha 4,sport,49.99621662447346,14.410973049252789
232,87,praha 15,sport,50.05526710130417,14.543106963212043
233,88,praha 4,sport,50.011181612268444,14.483200872323875
234,89,praha 2,sport,50.092952668330554,14.444252361907875
235,90,praha 1,sport,50.08302162447346,14.426998118385285
236,91,praha 9,sport,50.10206544546709,14.50396629225577
237,92,praha 9,sport,50.10657844604403,14.572109556754592
238,93,praha 9,sport,50.13368152784384,14.500799643083788
239,94,praha 1,sport,56.60000000000008,16.250000000000057
240,95,praha 7,sport,50.10897079349652,14.407694097985965
241,96,praha 8,sport,50.10369407129689,14.476390593975246
242,97,praha 4,sport,50.06238951788919,14.436233978908174
243,98,praha 6,sport,50.09660484595195,14.365016632812015
244,99,praha 5,sport,49.97071872245944,14.382722161145846
245,100,praha 4,sport,50.045223529026345,14.482928014051366
246,101,praha 9,sport,50.125158923105865,14.50328199567219
247,102,praha 8,sport,50.09403533585236,14.451932880034917
248,103,praha 10,sport,50.0695299411393,14.465630066074153
249,104,praha 2,sport,50.075622199001685,14.437768592994292
250,105,praha 6,sport,50.08392938718329,14.3646379000808
251,106,praha 1,sport,50.09077850346246,14.435599531363605
252,107,praha 1,sport,51.1106599233944,17.046650060591517
253,108,praha 5,sport,50.068968569248085,14.399453638928849
254,109,praha 22,sport,49.99770349711447,14.669591636418705
255,110,praha 4,sport,50.02380298612155,14.402580871515832
256,111,praha 10,sport,50.06622043219421,14.453705379393032
257,112,praha 10,sport,50.060242069103865,14.469561372872136
258,113,praha 5,sport,49.97071872245944,14.382722161145846
259,114,praha 8,sport,50.09395478045478,14.44816810436261
260,115,praha 5,sport,50.009006430751924,14.389262097437705
261,116,praha 6,sport,50.08037525728548,14.38523473775152
262,117,praha 4,sport,50.02154649096897,14.445582589243399
263,118,praha 6,sport,50.07798355252708,14.391320517490865
264,119,praha 5,sport,50.014214314679435,14.393953515493482
265,120,praha 6,sport,50.10607399832656,14.384322077933346
266,121,praha 6,sport,50.110390445467104,14.391130217179297
267,122,praha 4,sport,50.03194873884804,14.48527194950649
268,123,praha 1,sport,50.08262890752532,14.42957154501186
269,124,praha 3,sport,50.08660088980902,14.462817584655756
270,125,praha 4,sport,50.04600951788916,14.43836239508914
271,126,praha 5,sport,50.030369718590734,14.306663824518285
272,127,praha 4,sport,50.04621400112517,14.433488161809692
273,128,praha 10,sport,50.078399489324205,14.491849416180969
274,129,praha 12,sport,50.01245662724344,14.41339492798197
275,130,praha 12,sport,50.00188198415963,14.42567681017359
276,131,praha 3,sport,50.094404223440385,14.481911902850774
277,132,praha 6,sport,50.07461007187382,14.324356682266343
278,133,praha 8,sport,50.1264892018003,14.449635724104219
279,134,praha 5,sport,50.01246229447747,14.377377086993038
280,135,praha 5,sport,50.072821470165614,14.408340588695136
281,136,praha 10,sport,50.057018769634745,14.507012695625205
282,137,praha 9,sport,50.09220044152326,14.621221571291777
283,138,praha 4,sport,50.036979698309175,14.4984998978591
284,139,praha 3,sport,50.09554000000003,14.476190000000031
285,140,praha 6,sport,50.078718607924465,14.35659415580788
286,141,praha 2,sport,50.07740458728149,14.414792850828041
287,142,praha 4,sport,50.01704238164338,14.449845385422938
288,143,praha 4,sport,50.01704238164338,14.449845385422938
289,144,praha 5,sport,50.009006430751924,14.389262097437705
290,145,praha 5,sport,50.063408167288244,14.394965378921329
291,146,praha 5,sport,50.01246229447747,14.377377086993038
292,147,praha 4,sport,50.0334694565756,14.434681440562363
293,148,praha 3,sport,50.07724057617299,14.451122529978639
294,149,praha 7,sport,50.10133965277865,14.428884095620036
295,150,praha 2,sport,50.07365096808813,14.437531964885478
296,151,praha 1,sport,50.08423558728147,14.405948518177642
297,152,praha 7,sport,50.1097126675225,14.451882561717614
298,153,praha 5,sport,50.07196005886079,14.401950059437704
299,154,praha 5,sport,50.06427921288013,14.41056081753119
300,155,praha 5,sport,50.06856000000005,14.399360000000058
301,156,praha 9,sport,50.106394528737866,14.577163157626096
302,157,praha 11,sport,50.02351213737098,14.513629490824751
303,158,praha 2,sport,50.0798807499279,14.447413211062468
304,159,praha 1,sport,50.081291518725884,14.418122058860723
305,160,praha 9,sport,50.121072796006665,14.493608527901168
306,161,praha 6,sport,50.06537619897303,14.31573773899228
307,162,praha 13,sport,50.047358543424394,14.34434325590049
308,163,praha 10,sport,50.07001861613493,14.482635589791657
309,164,praha 10,sport,50.05575392059573,14.511674627012297
310,165,praha 5,sport,50.05308658728147,14.332292423538568
311,166,praha 9,sport,50.110856843181985,14.618874737549975
312,167,praha 5,sport,50.075175236482124,14.400590875410968
313,168,praha 2,sport,50.075829,14.437570499999993
314,169,praha 10,sport,50.08158162392522,14.500397550522202
315,170,praha 16,sport,49.98437444685208,14.360037721478486
316,171,praha 4,sport,50.03267158006813,14.515403736193658
317,172,praha 6,sport,50.11596083819032,14.296397595331555
318,173,praha 4,sport,50.03538256036127,14.533162363061715
319,174,praha 4,sport,50.041042427981964,14.51102039687817
320,175,praha 3,sport,50.08618314068921,14.46693888109513
321,176,praha 17,sport,50.07015651788916,14.306170720093492
322,177,praha 5,sport,50.04139010768081,14.32505960921004
323,178,praha 6,sport,50.086408842056805,14.385885143920516
324,179,praha 9,sport,50.13372547489748,14.549718944630397
325,180,praha 3,sport,50.08504043104037,14.445313480437381
326,181,praha 16,sport,49.97972812884035,14.355950639926016
327,182,praha 8,sport,50.13161108327078,14.46921226037256
328,183,praha 5,sport,50.07086130391252,14.402862006232427
329,184,praha 1,sport,50.082134070229024,14.418230810289165
330,185,praha 8,sport,50.131578532315885,14.40995999847079
331,186,praha 4,sport,50.0430493733335,14.452675322522845
332,187,praha 7,sport,50.10173664723874,14.437145463212037
333,188,praha 11,sport,50.029839410468156,14.483230000808053
334,189,praha 2,sport,50.08130490867915,14.439247584251733
335,190,praha 11,sport,50.02952422064177,14.5037267526692
336,191,praha 10,sport,50.06605650764606,14.451138974464785
337,192,praha 8,sport,50.132400000000075,14.429100000000062
338,193,praha 4,sport,50.011342784349914,14.48984600553993
339,194,praha 6,sport,50.08781881320336,14.348597107276776
340,195,praha 6,sport,50.09137665277865,14.35445409562003
341,196,praha 4,sport,50.022364661953915,14.402430220641767
342,197,praha 9,sport,50.106874957310374,14.563495339740932
343,198,praha 9,sport,50.11216378074322,14.502551189999291
344,199,praha 6,sport,50.09497462003008,14.353734954902157
345,200,praha 4,sport,50.0470053738531,14.43455011284536
346,201,praha 6,sport,50.085361380546864,14.380177396185674
347,202,praha 9,sport,50.12747642440394,14.488354104853531
348,203,praha 5,sport,50.03769340161003,14.338353184574954
349,204,praha 10,sport,50.05459689090556,14.49501485758004
350,205,praha 4,sport,50.02582570246413,14.493165339431064
351,206,praha 9,sport,50.10595085899368,14.576314883692202
352,207,praha 4,sport,50.039747369438345,14.427895396185678
353,208,praha 8,sport,50.10652947792723,14.474097220093485
354,209,praha 1,sport,50.08872969830917,14.423750062582977
355,210,praha 1,sport,50.082134070229024,14.418230810289165
356,211,praha 10,sport,50.07706041387237,14.487852178890789
357,212,praha 2,sport,50.07748268552723,14.438953404379971
358,213,praha 5,sport,50.05835567441874,14.390753721334244
359,214,praha 8,sport,50.16517651485941,14.485878607825047
360,215,praha 3,sport,50.09273445657561,14.486170500000014
361,216,praha 8,sport,50.12707611019097,14.455321082982305
362,217,praha 8,sport,50.12895566527213,14.454388516619755
363,218,praha 8,sport,50.108948496537565,14.467548705089866
364,219,praha 2,sport,50.05948947322401,14.426166170812069
365,220,praha 9,sport,50.08871674017724,14.644932157419543
366,221,praha 13,sport,50.04928286759203,14.346056748975586
367,222,praha 9,sport,50.09039063445679,14.659985174158951
368,223,praha 12,sport,49.97948641469645,14.440119652101734
369,224,praha 6,sport,50.07856544936225,14.329902504443417
370,225,praha 7,sport,50.11750956174625,14.425321478908185
371,226,praha 4,sport,50.01080091978764,14.51323269426982
372,227,praha 8,sport,50.14720427997417,14.447792071994252
373,228,praha 9,sport,50.0978655992267,14.686801363956674
374,229,praha 6,sport,50.07818466224238,14.305769624185004
375,230,praha 5,sport,50.03061486401401,14.313052602833404
376,231,praha 8,sport,50.14508174770618,14.487982281983996
377,232,praha 5,sport,50.066385580068136,14.411295848462112
378,233,praha 9,sport,50.16590461613494,14.523398787033885
379,234,praha 10,sport,50.06839041104507,14.482077863437095
380,235,praha 5,sport,50.002033935599364,14.356432900513505
381,236,praha 4,sport,50.01064671769891,14.54404374161802
382,237,praha 5,sport,50.042416432685165,14.394210606844098
383,238,praha 8,sport,50.108948496537565,14.467548705089866
384,239,praha 2,sport,50.07653070635927,14.424434907553973
385,240,praha 4,sport,50.005968563910656,14.45818776144042
386,241,praha 6,sport,50.09319967110052,14.33493455135891
387,242,praha 5,sport,50.02819446266379,14.36962166134833
388,243,praha 10,sport,50.0415670058284,14.561463781031694
389,244,praha 10,sport,50.069166504327846,14.454080659039718
390,245,praha 1,sport,50.08127348626578,14.424910864129572
391,246,praha 10,sport,50.05086088510334,14.551394510797767
392,247,praha 5,sport,50.07203348211084,14.403658353453753
393,248,praha 5,sport,50.07203348211084,14.403658353453753
394,249,praha 4,sport,50.02602524202202,14.402017702406809
395,250,praha 9,sport,50.093047435195324,14.58682886802473
396,251,praha 6,sport,50.099619141843036,14.36037539754198
397,252,praha 5,sport,50.052390329159294,14.340595569507897
398,253,praha 5,sport,50.052390329159294,14.340595569507897
399,254,praha 9,sport,50.11907962724342,14.486693904379974
400,255,praha 3,sport,50.09212931836791,14.4758139158925
401,256,praha 5,sport,50.07091612101101,14.399445353857805
402,257,praha 6,sport,50.085394143516474,14.343112028016728
403,258,praha 10,sport,50.07249670716731,14.477325112556912
404,259,praha 9,sport,50.109514461538616,14.50367299919193
405,260,praha 5,sport,50.03520303026709,14.313253066045432
406,261,praha 5,sport,50.060062873974246,14.29554633706792
407,262,praha 3,sport,50.09502945657562,14.488497607825057
408,263,praha 9,sport,50.12876796364474,14.499115941167938
409,264,praha 10,sport,50.05855544214889,14.531700473079805
410,265,praha 10,sport,50.06925369995396,14.479455310029355
411,266,praha 9,sport,50.107923449362254,14.48690214516127
412,267,praha 1,sport,50.07932139800334,14.42420689814757
413,268,praha 4,sport,50.03538256036127,14.533162363061715
414,269,praha 4,sport,50.03138139439667,14.428298913122559
415,270,praha 7,sport,50.10721537385309,14.434188910756633
416,271,praha 5,sport,50.06680738386508,14.396204661665463
417,272,praha 9,sport,50.144201634456785,14.506895158751275
418,273,praha 3,sport,50.08255839886871,14.45752785913793
419,274,praha 10,sport,50.08641527119259,14.495897214697795
420,275,praha 4,sport,50.05755651788917,14.451309691644074
421,276,praha 3,sport,50.077027087288016,14.46246252574105
422,277,praha 15,sport,50.052255108517535,14.520516245888516
423,278,praha 5,sport,50.06149510130419,14.409420992930885
424,279,praha 5,sport,50.072001442148874,14.40238676533556
425,280,praha 8,sport,50.09281080599,14.45288499500835
426,281,praha 10,sport,50.04295073041422,14.526733758129724
427,282,praha 5,sport,49.979265967251415,14.394180314617001
428,283,praha 8,sport,50.09563757980833,14.469256416296531
429,284,praha 9,sport,50.10911267692889,14.504751460182295
430,285,praha 5,sport,50.01161806290408,14.314518711379035
431,286,praha 4,sport,50.03308138103779,14.48257951814897
432,287,praha 4,sport,50.03069676876936,14.403215673033754
433,288,praha 18,sport,50.13419650539571,14.503333367216642
434,289,praha 4,sport,50.031440687460474,14.49055749927886
435,290,praha 2,sport,50.07538148211083,14.443398000000002
436,291,praha 3,sport,50.08782136886142,14.487724618789317
437,292,praha 4,sport,49.83537000000007,18.234830000000045
438,293,praha 4,sport,50.056137020543574,14.45327277909845
439,294,praha 7,sport,50.11254921680394,14.418093632090853
440,295,praha 9,sport,50.149416542039425,14.563137801776797
441,296,praha 7,sport,50.11254921680394,14.418093632090853
442,297,praha 12,sport,49.98540401915859,14.44442875090884
443,298,praha 9,sport,50.060596471579245,14.636953471694813
444,299,praha 22,sport,50.03070531447278,14.60567356910384
445,300,praha 9,sport,50.08861067011434,14.57444144622442
446,301,praha 4,sport,50.03133066388717,14.405056397166623
447,302,praha 6,sport,50.089861561746254,14.35515259117664
448,303,praha 20,sport,50.1421314143633,14.611702922586264
449,304,praha 6,sport,50.1117080469646,14.404815488926303
450,305,praha 4,sport,50.01460238378393,14.497233478824539
451,306,praha 9,sport,50.11073746378896,14.495989866639745
452,307,praha 6,sport,50.09251154342439,14.371541528449425
453,308,praha 4,sport,50.019740391626705,14.4429288397482
454,309,praha 13,sport,50.03840946047075,14.340036332217707
455,310,praha 13,sport,50.035083561169344,14.33886221885275
456,311,praha 3,sport,59.408740710872124,27.29987280266896
457,312,praha 4,sport,50.02532663063638,14.491968747531676
458,313,praha 14,sport,50.10939682070517,14.556730671677448
459,314,praha 6,sport,50.0931843938484,14.37651526868244
460,315,praha 4,sport,50.06322894809283,14.445649529286145
461,316,praha 8,sport,50.090910831525214,14.448687804749248
462,317,praha 2,sport,50.074423492353965,14.44530102844942
463,318,praha 9,sport,50.10617312378098,14.587069027699606
464,319,praha 5,sport,49.98916886147519,14.374332606930084
465,320,praha 10,sport,50.05087777208978,14.566258793795523
466,321,praha 10,sport,50.05639980238332,14.5069726706669
467,322,praha 8,sport,50.09217127061567,14.46067325936296
468,323,praha 10,sport,50.06925369995396,14.479455310029355
469,324,praha 1,sport,50.08758122952856,14.415238119366228
470,325,praha 1,sport,50.088626077990654,14.418472857464488
471,326,praha 8,sport,50.15043765834723,14.439208981274113
472,327,praha 4,sport,50.03749356895963,14.433472806970958
473,328,praha 9,sport,50.11163538995325,14.625703723151918
474,329,praha 18,sport,50.13475358612764,14.510181576345879
475,330,praha 2,sport,50.07734037711371,14.439467642819269
476,331,praha 5,sport,50.0597618059343,14.414831695592012
477,332,praha 10,sport,48.99510704997393,18.872046504558988
478,333,praha 6,sport,50.105859906368735,14.37979620676308
479,334,praha 9,sport,50.0978655992267,14.686801363956674
480,335,praha 10,sport,50.00899470658549,14.630941026950827
481,336,praha 8,sport,50.122495648587936,14.457708483492693
482,337,praha 6,sport,50.090165862629014,14.381991341508554
483,338,praha 8,sport,50.1222052945035,14.457580757499521
484,339,praha 4,sport,50.00809031585775,14.477199240204358
485,340,praha 5,sport,50.06680738386508,14.396204661665463
486,341,praha 4,sport,50.03507147273307,14.431840727306858
487,342,praha 5,sport,50.07086130391252,14.402862006232427
488,343,praha 5,sport,50.07086924562873,14.408831780887457
489,344,praha 10,sport,50.08509573050951,14.514408899820998
490,345,praha 4,sport,50.061944482110846,14.440927604910858
491,346,praha 10,sport,50.07706041387237,14.487852178890789
492,347,praha 9,sport,50.11069449653756,14.494989808355935
493,348,praha 8,sport,50.108952617961414,14.461272495231961
494,349,praha 1,sport,50.09008494809284,14.43558803220033
495,350,praha 1,sport,50.08302492368279,14.425418445063073
496,351,praha 18,sport,50.13483615704916,14.504156732240254
497,352,praha 9,sport,50.14757856174625,14.525288549541246
498,353,praha 11,sport,50.03713699417162,14.505599926885434
499,354,praha 7,sport,50.10530591756595,14.435893043424414
500,355,praha 6,sport,50.07818466224238,14.305769624185004
501,356,praha 5,sport,50.05474512239599,14.40548744543844
502,357,praha 4,sport,50.03646479553514,14.416994436760275
503,358,praha 4,sport,50.02403137079468,14.398557277800395
504,359,praha 4,sport,50.044762644468776,14.412509986785372
505,360,praha 7,sport,50.11342455785113,14.429559943332327
506,361,praha 4,sport,50.030617910364725,14.403282838501239
507,362,praha 4,sport,49.96630553952925,14.395810416180979
508,363,praha 5,sport,50.023803290034074,14.394521616740498
509,364,praha 8,sport,50.108952617961414,14.461272495231961
510,365,praha 5,sport,50.07311654342439,14.405058387731545
511,366,praha 4,sport,50.04663614293957,14.415398533585313
512,367,praha 7,sport,50.10021676770149,14.423039047175298
513,368,praha 7,sport,50.10477595530619,14.430639772952963
514,369,praha 10,sport,50.011642895377605,14.625810465318182
515,370,praha 2,sport,50.07072480599,14.422798497922532
516,371,praha 9,sport,50.12748899999999,14.525826750000004
517,372,praha 10,sport,50.06676801061829,14.547813533965394
518,373,praha 10,sport,50.06773797890818,14.456563738126894
519,374,praha 5,sport,50.07139559449484,14.397237241185316
520,375,praha 1,sport,50.082146245080466,14.415646190951579
521,376,praha 10,sport,50.05711632361937,14.49593417889079
522,377,praha 3,sport,50.08776436164807,14.487356593254109
523,378,praha 9,sport,50.10894100582837,14.501807728346064
524,379,praha 5,sport,50.06890263777502,14.402661940475445
525,380,praha 7,sport,50.095920000000035,14.438290000000052
526,381,praha 10,sport,50.055999366771076,14.51500507288404
527,382,praha 8,sport,50.113729542847494,14.467560191788314
528,383,praha 8,sport,50.12364580209485,14.460615455046401
529,384,praha 9,sport,50.103110056119455,14.49316004053891
530,385,praha 1,sport,26.404733128000032,82.64218833400008
531,386,praha 8,sport,50.13161108327078,14.46921226037256
532,387,praha 5,sport,50.05375548464964,14.288117952449335
533,388,praha 4,sport,50.06144469729865,14.429188552224277
534,389,praha 4,sport,50.004359218303115,14.458464343736921
535,390,praha 5,sport,50.0626951063245,14.384234622771364
536,391,praha 4,sport,50.022758217795584,14.465774067508224
537,392,praha 13,sport,50.041570297990084,14.320222861054514
538,393,praha 15,sport,50.05328000000003,14.524000000000058
539,394,praha 20,sport,50.11085611962604,14.593476369265456
540,395,praha 4,sport,50.04508500517018,14.46096712435373
541,396,praha 7,sport,50.10017564289984,14.416922380238281
542,397,praha 5,sport,50.09168103912523,14.509389137255404
543,398,praha 5,sport,50.0597618059343,14.414831695592012
544,399,praha 4,sport,50.06581780193922,14.439328492463638
545,400,praha 4,sport,50.04898466056893,14.438060003346878
546,401,praha 4,sport,50.05987511212423,14.448215033845099
547,402,praha 10,sport,50.011353178458116,14.602916506693765
548,403,praha 8,sport,50.09701320569542,14.464714665993291
549,404,praha 8,sport,50.128016793236704,14.47615844073524
550,405,praha 5,sport,50.04879338444199,14.364754235760962
551,406,praha 8,sport,50.12762200943508,14.42694089641589
552,407,praha 7,sport,50.09619575771818,14.424793328408551
553,408,praha 5,sport,50.060657148479486,14.402168307807678
554,409,praha 1,sport,50.081586401610025,14.40790639050151
555,410,praha 5,sport,50.065414019158574,14.394090777540598
556,411,praha 1,sport,50.09008494809284,14.43558803220033
557,412,praha 6,sport,50.12997171354398,14.380737783455885
558,413,praha 6,sport,50.085361380546864,14.380177396185674
559,414,praha 9,sport,50.10470215292288,14.534917090512783
560,415,praha 5,sport,50.05835567441874,14.390753721334244
561,416,praha 10,sport,50.06925369995396,14.479455310029355
562,417,praha 10,sport,50.05171805190717,14.54652555040662
563,418,praha 7,sport,50.10477595530619,14.430639772952963
564,419,praha 1,sport,50.10012052932884,14.38548961625811
565,420,praha 4,sport,50.05155405161871,14.41691150072116
566,421,praha 10,sport,50.06925369995396,14.479455310029355
567,422,praha 6,sport,50.08478689312726,14.350358398291801
568,423,praha 9,sport,50.104556991373016,14.536528668070746
569,424,praha 1,sport,50.07857547792724,14.423777497085808
570,425,praha 3,sport,50.08880945129549,14.467160837382263
571,426,praha 1,sport,50.082190239800326,14.42241291147777
572,427,praha 1,sport,50.08232778573489,14.422370232182933
573,428,praha 1,sport,50.08338121510183,14.427434064660465
574,429,praha 1,sport,50.08308694921801,14.425328445063073
575,430,praha 6,sport,50.09113354731955,14.376901196087486
576,431,praha 6,sport,50.09113354731955,14.376901196087486
577,432,praha 5,sport,49.96937107048884,14.373613593658126
578,433,praha 5,sport,50.037326172629726,14.334604937128564
579,434,praha 6,sport,50.114375161261435,14.350751727999336
580,435,praha 9,sport,50.10342440218693,14.490342528593642
581,436,praha 4,sport,50.022606758202926,14.433505558555087
582,437,praha 7,sport,50.10897079349652,14.407694097985965
583,438,praha 10,sport,50.05125530169082,14.489240031536497
584,439,praha 10,sport,50.06547575269786,14.460329519908399
585,440,praha 1,sport,50.08402553733622,14.429901351664764
586,441,praha 16,sport,49.9817997038491,14.356556843181988
587,442,praha 6,sport,49.19185661945314,13.764144170263789
588,443,praha 3,sport,50.08672989702239,14.46870621954524
589,444,praha 9,sport,50.10222233415096,14.497600273875646
590,445,praha 2,sport,50.07741553621104,14.422590104910856
591,446,praha 9,sport,50.15178947100232,14.523700500000018
592,447,praha 10,sport,50.132980990016684,14.334624327947203
593,448,praha 4,sport,48.974050000000034,14.457480000000032
594,449,praha 5,sport,50.0752915822325,14.353632751428435
595,450,praha 6,sport,50.12963395475794,14.399118474291896
596,451,praha 7,sport,50.10890218844142,14.450170338594349
597,452,praha 7,sport,50.105098477927235,14.453810863725549
598,453,praha 10,sport,50.03413093144443,14.552883875786335
599,454,praha 5,sport,50.07463781539745,14.366135626825079
600,455,praha 9,sport,50.109656536777166,14.47347200865345
601,456,praha 10,sport,50.06925369995396,14.479455310029355
602,457,praha 5,sport,50.05270967638063,14.41206049723003
603,458,praha 6,sport,50.11525972938434,14.432466462259768
604,459,praha 8,sport,50.12341831833923,14.451959799584708
605,460,praha 1,sport,50.081291518725884,14.418122058860723
606,461,praha 6,sport,50.09934555063777,14.375023061342223
607,462,praha 4,sport,50.041042427981964,14.51102039687817
608,463,praha 2,sport,50.076932794881486,14.436355730913546
609,464,praha 9,sport,50.13368152784384,14.500799643083788
610,465,praha 9,sport,50.13368152784384,14.500799643083788
611,466,praha 20,sport,50.110278517889185,14.599101860811343
612,467,praha 2,sport,50.07561944214889,14.422521305441729
613,468,praha 2,sport,50.07255527338565,14.432126572594955
614,469,praha 22,sport,50.03447587593057,14.594601966818722
615,470,praha 7,sport,50.10331636164808,14.434405093254103
616,471,praha 10,sport,50.06839041104507,14.482077863437095
617,472,praha 6,sport,50.09860450288552,14.340759567603305
618,473,praha 10,sport,50.0516392711926,14.52573211766413
619,474,praha 6,sport,50.098310674995666,14.403018047203977
620,475,praha 4,sport,49.99913080045009,14.41365140798665
621,476,praha 5,sport,50.012701553984634,14.394708512089455
622,477,praha 9,sport,50.09422363835195,14.526686928530214
623,478,praha 10,sport,50.06124087818094,14.558915746234295
624,479,praha 2,sport,50.06682915681804,14.432114787668148
625,480,praha 13,sport,50.04139010768081,14.32505960921004
626,481,praha 1,sport,50.08613791895094,14.385464039846381
627,482,praha 3,sport,50.08864666720537,14.470375839863758
628,483,praha 8,sport,50.12851085178033,14.443706683305527
629,484,praha 6,sport,50.07979900582839,14.390074788821977
630,485,praha 6,sport,50.105645661602196,14.384462025282291
631,486,praha 4,sport,50.021029477927236,14.449729782820695
632,487,praha 16,sport,49.98552747157923,14.372123081049082
633,488,praha 4,sport,50.03359267055225,14.426719280887458
634,489,praha 9,sport,50.10470215292288,14.534917090512783
635,490,praha 4,sport,50.04425680209486,14.43502270967749
636,491,praha 4,sport,50.04425680209486,14.43502270967749
637,492,praha 7,sport,50.0998445106758,14.427067101996673
638,493,praha 9,sport,50.121577255930774,14.495098889909446
639,494,praha 4,sport,50.05464383654553,14.431602231346233
640,495,praha 2,sport,50.06498848514059,14.428232193173299
641,496,praha 4,sport,50.03291065084542,14.45113869787648
642,497,praha 10,sport,50.06925369995396,14.479455310029355
643,498,praha 5,sport,50.02169756258298,14.361579326100877
644,499,praha 4,sport,50.01191415657544,14.48667504799396
645,500,praha 1,sport,50.0805350671706,14.409817761065062
646,501,praha 6,sport,50.09467447489748,14.37065100000001
647,502,praha 4,sport,50.02629394500086,14.43623311687314
648,503,praha 1,sport,50.079388861503844,14.428534269086486
649,504,praha 5,sport,50.06622453837541,14.365730855531226
650,505,praha 13,sport,50.03742054149115,14.340608332189047
651,506,praha 5,sport,49.97101625618895,14.383375486669811
652,507,praha 5,sport,50.05049324562873,14.41074380714385
653,508,praha 10,sport,50.03426025134196,14.559728299041923
654,509,praha 10,sport,50.12104018122806,14.486812119481817
655,510,praha 6,sport,50.114858088913145,14.38370478215946
656,511,praha 21,sport,50.080062446303835,14.620912548098936
657,512,praha 4,sport,50.030366297937526,14.405083829385246
658,513,praha 14,sport,50.10273582470461,14.585002412352294
659,514,praha 10,sport,50.07045848211084,14.492560499999996
660,515,praha 10,sport,50.01538500000001,14.620486500000004
661,516,praha 4,sport,50.02558529922078,14.512267326406821
662,517,praha 4,sport,50.03122083014023,14.48207726807686
663,518,praha 8,sport,50.12361994503445,14.451629984996412
664,519,praha 10,sport,50.06439942206493,14.510823967703619
665,520,praha 5,sport,50.009006430751924,14.389262097437705
666,521,praha 1,sport,50.088936112124216,14.421995542760568
667,522,praha 6,sport,50.108770194010006,14.398394385509851
668,523,praha 4,sport,50.057563485140605,14.427598500000016
669,524,praha 5,sport,50.06856000000005,14.399360000000058
670,525,praha 5,sport,50.07265103745179,14.383361246956389
671,526,praha 8,sport,50.132764686104174,14.404161944428845
672,527,praha 4,sport,49.99563331761092,14.472147448365462
673,528,praha 9,sport,50.12654168552723,14.57527334416294
674,529,praha 4,sport,50.031440687460474,14.49055749927886
675,530,praha 10,sport,50.05343425506376,14.518259337873202
676,531,praha 3,sport,50.07822862724342,14.47392807493223
677,532,praha 6,sport,50.095047561486474,14.338414136966952
678,533,praha 8,sport,50.11632196947311,14.469213772404704
679,534,praha 10,sport,50.066970463788955,14.444149500000009
680,535,praha 6,sport,50.10077721406263,14.3432641498358
681,536,praha 2,sport,50.07806615569285,14.418608033729535
682,537,praha 5,sport,50.05835567441874,14.390753721334244
683,538,praha 5,sport,50.070011124877496,14.395835428558874
684,539,praha 10,sport,50.065332937452325,14.581583812599671
685,540,praha 6,sport,50.09319967110052,14.33493455135891
686,541,praha 8,sport,50.10294470053088,14.475814154884796
687,542,praha 4,sport,50.02530953952927,14.423150808211696
688,543,praha 16,sport,49.982876372179646,14.361705311991258
689,544,praha 1,sport,50.08551144962204,14.423225929511185
690,545,praha 5,sport,50.070011124877496,14.395835428558874
691,546,praha 5,sport,50.075175236482124,14.400590875410968
692,547,praha 9,sport,50.12330198300582,14.568090185354352
693,548,praha 9,sport,50.13368152784384,14.500799643083788
694,549,praha 6,sport,50.128626459243634,14.387570272885128
695,550,praha 9,sport,50.1266744521322,14.486073366207032
696,551,praha 9,sport,50.1266744521322,14.486073366207032
697,552,praha 5,sport,50.047644362484796,14.34981110877734
698,553,praha 9,sport,50.12104018122806,14.486812119481817
699,554,praha 6,sport,50.11596083819032,14.296397595331555
700,555,praha 6,sport,50.06949569193254,14.29739618815296
701,556,praha 15,sport,50.052255108517535,14.520516245888516
702,557,praha 9,sport,50.107923449362254,14.48690214516127
703,558,praha 5,sport,50.011723507646046,14.387148607825058
704,559,praha 4,sport,50.00613730394117,14.407566444341935
705,560,praha 4,sport,50.0115249225576,14.479605554821362
706,561,praha 10,sport,50.05855544214889,14.531700473079805
707,562,praha 3,sport,50.088215703849094,14.460856847077126
708,563,praha 3,sport,50.09372661587514,14.477434958220378
709,564,praha 6,sport,50.069140522072765,14.305730999768855
710,565,praha 7,sport,50.09668997605231,14.440139973887879
711,566,praha 8,sport,50.16478947377229,14.483302281435718
712,567,praha 10,sport,50.03778949875926,14.548120519129919
713,568,praha 4,sport,50.02734648990111,14.403555559554155
714,569,praha 10,sport,50.00553000000008,16.38874000000004
715,570,praha 10,sport,50.05665436402656,14.474275905774338
716,571,praha 10,sport,50.04889982374689,14.559333740850372
717,572,praha 9,sport,50.05171805190717,14.54652555040662
718,573,praha 1,sport,50.08925985830912,14.423875196501394
719,574,praha 4,sport,50.029964350539565,14.513513062150302
720,575,praha 4,sport,50.035610581929674,14.518371411181132
721,576,praha 22,sport,50.01080070595217,14.623586310482738
722,577,praha 6,sport,50.0811420960835,14.382233362361884
723,578,praha 6,sport,50.08760451067581,14.325021624329253
724,579,praha 5,sport,50.03520303026709,14.313253066045432
725,580,praha 3,sport,50.081890303941194,14.480636171648774
726,581,praha 10,sport,50.07045848211084,14.492560499999996
727,582,praha 8,sport,50.14669256815156,14.444867103353001
728,583,praha 3,sport,50.08255839886871,14.45752785913793
729,584,praha 16,sport,49.97972812884035,14.355950639926016
730,585,praha 3,sport,50.08618314068921,14.46693888109513
731,586,praha 1,sport,50.0892310496568,14.431068915228689
732,587,praha 2,sport,50.06682915681804,14.432114787668148
733,588,praha 6,sport,50.09043600000001,14.21489285821427
734,589,praha 11,sport,50.03495281375161,14.518107504357436
735,590,praha 2,sport,50.077148543424386,14.428399552455433
736,591,praha 3,sport,50.081890303941194,14.480636171648774
737,592,praha 9,sport,50.149708722719225,14.519848340988943
738,593,praha 10,sport,-22.138976121999974,17.22149898400005
739,594,praha 5,sport,50.07605965860705,14.369081478504166
740,595,praha 6,sport,50.08896983873858,14.343746191095834
741,596,praha 5,sport,50.05835567441874,14.390753721334244
742,597,praha 7,sport,50.04545870397589,14.43628894892372
743,598,praha 5,sport,50.021570955306196,14.363608331813692
744,599,praha 13,sport,49.937343213976646,14.18615116140566
745,600,praha 5,sport,50.037326172629726,14.334604937128564
746,601,praha 8,sport,50.145522747706174,14.485862781983975
747,602,praha 5,sport,50.076137828755265,14.405797141006328
748,603,praha 4,sport,50.01400799999999,14.481132269923199
749,604,praha 9,sport,50.108451108517535,14.556574779646706
750,605,praha 6,sport,50.082359427145235,14.371166792255766
751,606,praha 10,sport,50.05083547489746,14.628577269634722
752,607,praha 1,sport,50.09124480599,14.4256063086444
753,608,praha 7,sport,50.10173471940101,14.455788758526232
754,609,praha 6,sport,50.130347710514215,14.333908587310138
755,610,praha 10,sport,50.04596232512042,14.548689754628574
756,611,praha 9,sport,50.13612763780366,14.51425846958869
757,612,praha 4,sport,50.050849651133866,14.457022364706493
758,613,praha 8,sport,50.140873623925216,14.42838052553523
759,614,praha 10,sport,50.03288677159664,14.545899989872446
760,615,praha 4,sport,50.019031969473126,14.438313836545554
761,616,praha 6,sport,50.08540394622182,14.38312838171574
762,617,praha 4,sport,50.00181035832985,14.414677130301856
763,618,praha 5,sport,50.06622453837541,14.365730855531226
764,619,praha 4,sport,50.035631529863046,14.522350500000016
765,620,praha 9,sport,50.102593381771236,14.539604496719948
766,621,praha 3,sport,50.085264085031454,14.442119629307859
767,622,praha 6,sport,50.11052082569683,14.387919837209376
768,623,praha 6,sport,50.105645661602196,14.384462025282291
769,624,praha 6,sport,50.08393359119966,14.38190522025572
770,625,praha 6,sport,50.12790374355125,14.30396596696297
771,626,praha 8,sport,50.108952617961414,14.461272495231961
772,627,praha 7,sport,50.10730361289069,14.414444289322997
773,628,praha 3,sport,50.0764766960875,14.478360538981015
774,629,praha 10,sport,50.08245041446735,14.489763716210843
775,630,praha 4,sport,50.03907076934627,14.423565877315546
776,631,praha 1,sport,50.08807954010618,14.41423324285877
777,632,praha 3,sport,50.08467022675858,14.462466307519213
778,633,praha 7,sport,50.105272296410696,14.433544627964569
779,634,praha 1,sport,50.082134070229024,14.418230810289165
780,635,praha 9,sport,50.13632854010618,14.510735353280866
781,636,praha 6,sport,50.09725580070989,14.399225138524812
782,637,praha 1,sport,50.083442559813015,14.40448324886002
783,638,praha 6,sport,50.08179219201595,14.390024873176209
784,639,praha 9,sport,50.11554928893753,14.490694373016382
785,640,praha 2,sport,50.07759068552724,14.438297378844753
786,641,praha 2,sport,50.34835000000004,13.077380000000062
787,642,praha 1,sport,50.084535300305845,14.416562880662422
788,643,praha 9,sport,50.104556991373016,14.536528668070746
789,644,praha 2,sport,50.07704144214888,14.444719994171635
790,645,praha 9,sport,50.10653916902306,14.581021115009744
791,646,praha 1,sport,50.08021067943905,14.423570618500861
792,647,praha 2,sport,50.07065509019567,14.440381020255117
793,648,praha 10,sport,50.08156170997689,14.493490979392337
794,649,praha 10,sport,50.067630597005,14.46981295801792
795,650,praha 2,sport,50.07431959838999,14.423846970598289
796,651,praha 9,sport,50.11907962724342,14.486693904379974
797,652,praha 13,sport,50.052390329159294,14.340595569507897
798,653,praha 5,sport,50.044828568959616,14.325817940186997
799,654,praha 6,sport,50.06945651817765,14.30868063229242
800,655,praha 5,sport,50.07696946378898,14.40354166763808
801,656,praha 1,sport,50.07827440161003,14.424289506665094
802,657,praha 4,sport,50.06144469729865,14.429188552224277
803,658,praha 4,sport,50.019264511541195,14.499159417565956
804,659,praha 7,sport,50.10213623036528,14.428774649604673
805,660,praha 11,sport,50.02558860170819,14.518762145161265
806,661,praha 8,sport,50.09217127061567,14.46067325936296
807,662,praha 5,sport,50.076774,14.40200672286345
808,663,praha 6,sport,50.098310674995666,14.403018047203977
809,664,praha 4,sport,50.05600761587513,14.440256182353254
810,665,praha 6,sport,50.06462548600598,14.308878944630377
811,666,praha 1,sport,50.08302492368279,14.425418445063073
812,667,praha 4,sport,50.02952422064177,14.5037267526692
813,668,praha 6,sport,50.09830323619365,14.40443859146509
814,669,praha 4,sport,12.389823900000067,77.25083500000005
815,670,praha 6,sport,50.06462548600598,14.308878944630377
816,671,praha 4,sport,50.053945242858745,14.41884273270255
817,672,praha 7,sport,50.105098477927235,14.453810863725549
818,673,praha 7,sport,50.10179821259168,14.416833207311566
819,674,praha 8,sport,50.149838622799564,14.446804587161813
820,675,praha 8,sport,50.08961320650349,14.443604097985967
821,676,praha 4,sport,50.004498457672135,14.464448943505209
822,677,praha 10,sport,50.03493442382702,14.55747460338166
823,678,praha 8,sport,50.10842321732353,14.472220344826756
824,679,praha 7,sport,50.10213623036528,14.428774649604673
825,680,praha 10,sport,50.057813482110845,14.494391863725552
826,681,praha 7,sport,50.10192752207278,14.453950416180987
827,682,praha 8,sport,50.10842321732353,14.472220344826756
828,683,praha 5,sport,50.072330536211034,14.39645835345377
829,684,praha 5,sport,50.05681904094833,14.39422872415983
830,685,praha 4,sport,50.02280999999999,14.439318750000005
831,686,praha 4,sport,50.00718841441003,14.413425398813692
832,687,praha 4,sport,50.03652640608207,14.503247340816044
833,688,praha 13,sport,50.04616466362736,14.334546890530165
834,689,praha 6,sport,50.064082679987315,14.304880450804548
835,690,praha 5,sport,50.0668745029142,14.361805715073166
836,691,praha 10,sport,50.01989253344107,14.655465061082426
837,692,praha 4,sport,50.01436827200065,14.487802076749896
838,693,praha 8,sport,50.09843091385377,14.474501061376825
839,694,praha 10,sport,50.03812869054755,14.548410614605723
840,695,praha 4,sport,50.05990491006412,14.455323203041036
841,696,praha 8,sport,50.1311561579432,14.475751356079487
842,697,praha 4,sport,50.04425680209486,14.43502270967749
843,698,praha 7,sport,50.10847185456742,14.427259069569631
844,699,praha 9,sport,50.10700716902304,14.580888582261158
845,700,praha 3,sport,50.083800999163294,14.45440207715394
846,701,praha 1,sport,50.08613791895094,14.385464039846381
847,702,praha 8,sport,50.10730385483875,14.477455898118901
848,703,praha 8,sport,50.09780887647884,14.473654850366673
849,704,praha 8,sport,50.12895566527213,14.454388516619755
850,705,praha 9,sport,50.10395748798091,14.48093087059346
851,706,praha 5,sport,50.06457429062399,14.360905312963098
852,707,praha 6,sport,50.0790924488329,14.368566679187309
853,708,praha 9,sport,50.10470215292288,14.534917090512783
854,709,praha 4,sport,49.99920650919738,14.403660994466865
855,710,praha 7,sport,50.1101391154711,14.409535716054119
856,711,praha 2,sport,50.064642681372284,14.424209584395957
857,712,praha 10,sport,50.04675720569543,14.548246012926178
858,713,praha 4,sport,50.03507147273307,14.431840727306858
859,714,praha 4,sport,50.00085558670456,14.465021248687137
860,715,praha 3,sport,50.073856470165616,14.49278113976556
861,716,praha 7,sport,50.119019285619316,14.41015449971155
862,717,praha 5,sport,42.71152250000006,23.333987363000062
863,718,praha 1,sport,50.09165735832984,14.434655311962615
864,719,praha 7,sport,50.10477595530619,14.430639772952963
865,720,praha 4,sport,50.034334409400294,14.417474280050738
866,721,praha 8,sport,50.11537839439665,14.48133634762539
867,722,praha 10,sport,50.05603481268376,14.493558188759481
868,723,praha 1,sport,50.07942640161002,14.422144778233065
869,724,praha 10,sport,50.080303688845454,14.481604025823685
870,725,praha 15,sport,50.06204939272321,14.585839433117867
871,726,praha 8,sport,50.09563757980833,14.469256416296531
872,727,praha 6,sport,50.111592286427395,14.393879539817728
873,728,praha 4,sport,50.05691144936224,14.431680440186998
874,729,praha 5,sport,50.06552619606054,14.379293431432732
875,730,praha 4,sport,50.039910219545234,14.505982114345933
876,731,praha 10,sport,50.07454250346244,14.500831562727225
877,732,praha 4,sport,50.03206234499965,14.405022013013102
878,733,praha 10,sport,50.08392312075121,14.486986278030603
879,734,praha 9,sport,50.09122708881069,14.543585579058504
880,735,praha 7,sport,50.106730528420755,14.44355854775224
881,736,praha 10,sport,50.064350301690816,14.455561553753506
882,737,praha 4,sport,50.05691144936224,14.431680440186998
883,738,praha 9,sport,50.10395748798091,14.48093087059346
884,739,praha 4,sport,50.04185276270982,14.414617537711592
885,740,praha 6,sport,50.11826938386507,14.379922282964925
886,741,praha 6,sport,50.07818466224238,14.305769624185004
887,742,praha 9,sport,50.12355875409795,14.566739396172446
888,743,praha 6,sport,50.08450622592187,14.378139580500827
889,744,praha 21,sport,50.06118001911147,14.647196399522215
890,745,praha 1,sport,50.08862311241269,14.423506869265477
891,746,praha 9,sport,50.10470215292288,14.534917090512783
892,747,praha 8,sport,50.13679170430143,14.412394204301417
893,748,praha 2,sport,50.07074548066852,14.417632356512192
894,749,praha 21,sport,50.07568848903574,14.598669745628712
895,750,praha 6,sport,50.08450622592187,14.378139580500827
896,751,praha 8,sport,50.13815402054355,14.436422585492474
897,752,praha 9,sport,50.08883692449085,14.582733546511493
898,753,praha 10,sport,50.062368142939555,14.589865053147923
899,754,praha 4,sport,50.02399854674263,14.512675221766937
900,755,praha 5,sport,50.03331977578022,14.37741406714196
901,756,praha 4,sport,50.021864612268445,14.405107493767586
902,757,praha 9,sport,50.10870101304173,14.610181544029974
903,758,praha 15,sport,50.0557169390797,14.534523647115785
904,759,praha 9,sport,50.08660601249348,14.55791799359471
905,760,praha 5,sport,50.05151253093093,14.362648618356628
906,761,praha 3,sport,50.09502945657562,14.488497607825057
907,762,praha 19,sport,50.130640605026436,14.550421860955579
908,763,praha 9,sport,50.093465000716506,14.67243608034572
909,764,praha 8,sport,50.12364580209485,14.460615455046401
910,765,praha 8,sport,50.120516725489196,14.44536428449414
911,766,praha 10,sport,50.0359277879566,14.635563620606998
912,767,praha 5,sport,49.95558692780908,14.359463860379613
913,768,praha 1,sport,50.08246652842077,14.403348471550602
914,769,praha 5,sport,50.07168682015693,14.346364951555277
915,770,praha 21,sport,50.06565000000006,14.66384000000005
916,771,praha 6,sport,50.112343937903546,14.320620598063025
917,772,praha 9,sport,50.099794219805034,14.492206630705898
918,773,praha 4,sport,50.06110768275728,14.43978641571962
919,774,praha 6,sport,50.10488634332623,14.377874783513194
920,775,praha 10,sport,50.07444851096429,14.492641655721497
921,776,praha 5,sport,50.071609687748946,14.377402145593953
922,777,praha 2,sport,50.07878049653756,14.442291115182654
923,778,praha 4,sport,50.03741747045407,14.448404406168997
924,779,praha 6,sport,50.08512513044607,14.371971914796
925,780,praha 6,sport,50.08512513044607,14.371971914796
926,781,praha 7,sport,50.10213623036528,14.428774649604673
927,782,praha 10,sport,50.06876566720537,14.453095001673441
928,783,praha 9,sport,50.11826800112518,14.495424331900605
929,784,praha 16,sport,49.987942973079804,14.362097573143222
930,785,praha 4,sport,50.043830511512525,14.474429373276168
931,786,praha 10,sport,50.07204028172418,14.55135551511923
932,787,praha 22,sport,50.02878374715794,14.605850094379287
933,788,praha 9,sport,50.117146354434716,14.509525237722858
934,789,praha 4,sport,50.03600176934626,14.527513844566972
935,790,praha 2,sport,50.06617787760401,14.415402072883428
936,791,praha 3,sport,50.97284500000006,4.491092551000065
937,792,praha 10,sport,50.06911434505697,14.50087662251156
938,793,praha 9,sport,50.094654367505115,14.519176363408414
939,794,praha 12,sport,50.00428000000005,14.422200000000032
940,795,praha 12,sport,50.00613730394117,14.407566444341935
941,796,praha 3,sport,50.09502945657562,14.488497607825057
942,797,praha 9,sport,50.1233768057302,14.48572679834395
943,798,praha 6,sport,50.09113354731955,14.376901196087486
944,799,praha 12,sport,50.00901083262174,14.44719785483873
945,800,praha 22,sport,50.03023810185245,14.600593263517881
946,801,praha 10,sport,50.04902454760799,14.521479090715266
947,802,praha 7,sport,50.112159700237505,14.42113764988124
948,803,praha 6,sport,50.11786750790586,14.293077180968263
949,804,praha 4,sport,50.04715298159775,14.460179159320456
950,805,praha 4,sport,50.06016272384439,14.422918850683791
951,806,praha 13,sport,50.10420715292288,14.549729595879827
952,807,praha 4,sport,50.03084142630852,14.513271367851818
953,808,praha 1,sport,50.08862311241269,14.423506869265477
954,809,praha 7,sport,50.10585647273307,14.42885806295743
955,810,praha 6,sport,50.078718607924465,14.35659415580788
956,811,praha 6,sport,50.078718607924465,14.35659415580788
957,812,praha 2,sport,50.06682915681804,14.432114787668148
958,813,praha 5,sport,50.0499955320561,14.410721738155564
959,814,praha 7,sport,48.98006000000004,14.443250000000035
960,815,praha 1,sport,50.091236555691395,14.422140650210805
961,816,praha 3,sport,50.084603078538905,14.441848464683003
962,817,praha 5,sport,50.06454852233258,14.347746601044392
963,818,praha 4,sport,49.99802217707313,14.507821028016716
964,819,praha 4,sport,50.0542417621329,14.416083839488401
965,820,praha 5,sport,50.07453558756995,14.40950396699163
966,821,praha 5,sport,50.044285420981765,14.340945552454423
967,822,praha 5,sport,50.03592127210908,14.396427732805968
968,823,praha 4,sport,50.05434339228048,14.42234024215643
969,824,praha 5,sport,50.02967728172418,14.36861573812691
970,825,praha 11,sport,50.04125503892275,14.495085651508328
971,826,praha 7,sport,50.11342455785113,14.429559943332327
972,827,praha 8,sport,50.094119137111186,14.455134752726515
973,828,praha 4,sport,50.02867813791925,14.493540193548666
974,829,praha 1,sport,50.08292410185244,14.425150186912228
975,830,praha 1,sport,50.08832353621104,14.431652255900495
976,831,praha 5,sport,50.036596224594206,14.37849628368608
977,832,praha 4,sport,50.03612248819901,14.413180590051441
978,833,praha 4,sport,50.0471307865716,14.41381919828053
979,834,praha 1,sport,50.07827440161003,14.424289506665094
980,835,praha 2,sport,50.07959169164409,14.435988044693808
981,836,praha 8,sport,50.14497287705576,14.48320936317729
982,837,praha 7,sport,50.10579749125742,14.452325744503534
983,838,praha 1,sport,50.082590850395334,14.42961405063776
984,839,praha 10,sport,50.06925369995396,14.479455310029355
985,840,praha 6,sport,50.09555443242537,14.364256626550937
986,841,praha 5,sport,50.06680738386508,14.396204661665463
987,842,praha 10,sport,50.0672144074384,14.446919295573995
988,843,praha 7,sport,50.10467836995795,14.44997124106974
989,844,praha 8,sport,50.12811378133674,14.41231120079146
990,845,praha 8,sport,50.094103758237786,14.461644393848392
991,846,praha 5,sport,50.073530586704564,14.356161748687143
992,847,praha 4,sport,50.00958434722136,14.429898209821724
993,848,praha 4,sport,50.043875510964284,14.454478814848143
994,849,praha 8,sport,50.10741998473656,14.472408251889776
995,850,praha 9,sport,50.105031580616384,14.559274680968267
996,851,praha 8,sport,50.132764686104174,14.404161944428845
997,852,praha 4,sport,50.03652640608207,14.503247340816044
998,853,praha 9,sport,50.10552169135667,14.570154445820673
999,854,praha 9,sport,50.10218540022503,14.535300821022291
1000,855,praha 10,sport,50.072272576173,14.472623812799316
1001,856,praha 2,sport,50.071269425211995,14.437708466126228
1002,857,praha 4,sport,50.023833537336216,14.45772784586502
1003,858,praha 4,sport,50.02567647432055,14.428903110623683
1004,859,praha 10,sport,50.07101962724343,14.45706487745978
1005,860,praha 4,sport,50.03487816126143,14.514163669715526
1006,861,praha 9,sport,50.119296108517524,14.49193001304176
1007,862,praha 2,sport,50.07356453067111,14.43430217320666
1008,863,praha 1,sport,50.08823938190318,14.40543572286346
1009,864,praha 4,sport,50.03347040940029,14.53174805092622
1010,865,praha 4,sport,50.029964350539565,14.513513062150302
1011,866,praha 10,sport,50.03504900000007,14.611945778000063
1012,867,praha 4,sport,50.05682654342439,14.422000499999996
1013,868,praha 12,sport,50.008359279762274,14.451087850539583
1014,869,praha 9,sport,50.11085611962604,14.593476369265456
1015,870,praha 4,sport,50.03737815015293,14.413553286715857
1016,871,praha 10,sport,50.05871101301309,14.50795898462098
1017,872,praha 10,sport,50.07072611573089,14.467067756420102
1018,873,praha 5,sport,50.06592019900168,14.398931892578984
1019,874,praha 8,sport,50.123471300046035,14.459465598938255
1020,875,praha 8,sport,50.13258034860633,14.422370280195903
1021,876,praha 4,sport,50.04802602888212,14.414329205725027
1022,0,praha 1,library,50.07950139800334,14.424044898147582
1023,1,praha 1,library,50.08777821233188,14.389992702464113
1024,2,praha 2,library,50.07190994892961,14.436970036643782
1025,3,praha 2,library,50.07362000389518,14.416410003895214
1026,4,praha 2,library,50.0657900510705,14.424680062178972
1027,5,praha 3,library,50.08685971106246,14.449844624069454
1028,6,praha 3,library,50.09172269608749,14.478279442697161
1029,7,praha 4,library,50.05432001110857,14.43829997388792
1030,8,praha 4,library,50.05355737330483,14.452649919672073
1031,9,praha 4,library,50.023855257285476,14.451472229961235
1032,10,praha 4,library,50.04121972522938,14.43722186234057
1033,11,praha 4,library,50.02453993060773,14.43377995614294
1034,12,praha 4,library,50.04522097446477,14.492128681747685
1035,13,praha 4,library,50.02558860170819,14.518762145161265
1036,14,praha 4,library,50.02455520892768,14.492588588897599
1037,15,praha 4,library,50.005635851520516,14.434017479744895
1038,16,praha 5,library,50.073686412718516,14.406875989728213
1039,17,praha 5,library,50.06835623397197,14.40022841603674
1040,18,praha 5,library,50.06756144630382,14.366470599226707
1041,19,praha 5,library,50.028502568959624,14.368063764671726
1042,20,praha 5,library,50.04885001832189,14.316420081077782
1043,21,praha 5,library,50.04439995614298,14.331540081654714
1044,22,praha 5,library,50.01171252899768,14.387792118096824
1045,23,praha 6,library,50.10357004775229,14.390200040538915
1046,24,praha 6,library,50.08437030336425,14.37406464570953
1047,25,praha 6,library,50.08578392255761,14.341338135726218
1048,26,praha 6,library,50.09006722926875,14.309114081049088
1049,27,praha 7,library,50.10002947489746,14.425491640717862
1050,28,praha 7,library,50.10187352207277,14.450368887731573
1051,29,praha 8,library,50.128130000000056,14.459700000000055
1052,30,praha 8,library,50.12697717236991,14.47047434886613
1053,31,praha 8,library,50.06045000000006,19.932420000000036
1054,32,praha 9,library,50.11140198805478,14.500946801979275
1055,33,praha 9,library,50.12287288954923,14.500464633620073
1056,34,praha 9,library,50.103307456835395,14.564895280194975
1057,35,praha 9,library,50.10543454731954,14.537864241473791
1058,36,praha 10,library,50.07241682763007,14.483514206763282
1059,37,praha 10,library,50.075338485140605,14.450152279906517
1060,38,praha 10,library,50.06835100582839,14.50893430656693
1061,39,praha 10,library,50.0561105656414,14.50696112233775
1062,40,praha 10,library,50.04906437301638,14.546886196375937
1063,5,praha 4,school,50.00861953621105,14.448991919095164
1064,22,praha 1,school,50.08034429615092,14.415264178458113
1065,25,praha 1,school,50.09083356174627,14.428853454902159
1066,26,praha 1,school,50.09083356174627,14.428853454902159
1067,30,praha 4,school,50.001684358329854,14.413886188585668
1068,31,praha 4,school,50.03630420511851,14.498836406890131
1069,33,praha 6,school,50.086379536211034,14.375241094090818
1070,36,praha 7,school,50.107447760199676,14.440075707859817
1071,38,praha 9,school,50.12568853721085,14.498297017744713
1072,41,praha 1,school,50.08399278628316,14.430822353742235
1073,42,praha 1,school,50.08777821233188,14.389992702464113
1074,43,praha 1,school,50.091273,14.434654320993646
1075,44,praha 2,school,50.07626648932419,14.44341991326678
1076,45,praha 3,school,50.08548405969744,14.449217383865074
1077,46,praha 9,school,50.09177108021237,14.50062306719926
1078,47,praha 3,school,50.086402082982325,14.457050093398342
1079,48,praha 3,school,50.086402082982325,14.457050093398342
1080,49,praha 4,school,50.028828904524204,14.534650679121937
1081,50,praha 4,school,50.059809449362255,14.435009863725552
1082,51,praha 4,school,50.008892689422375,14.418955602833387
1083,52,praha 4,school,50.02287302054357,14.443805608113513
1084,53,praha 5,school,50.07011776103638,14.384791297824352
1085,54,praha 5,school,50.073828202608354,14.403748061457794
1086,55,praha 5,school,49.98230316847479,14.354624027612694
1087,56,praha 5,school,50.04874805190717,14.312794028997686
1088,57,praha 5,school,50.035853064660465,14.311117393011685
1089,58,praha 6,school,50.08692611573089,14.367206202031438
1090,59,praha 6,school,50.086219820416716,14.346637012926188
1091,60,praha 6,school,50.09881894976626,14.342127541174039
1092,61,praha 7,school,50.103290419931874,14.434176567718884
1093,62,praha 8,school,50.12414228810082,14.455878268625112
1094,63,praha 8,school,50.12936237137159,14.472692973425579
1095,64,praha 9,school,50.11649136554322,14.493071980437396
1096,65,praha 9,school,50.15072636943836,14.513537279618046
1097,66,praha 9,school,50.11087069386579,14.616954398551611
1098,67,praha 10,school,50.07115326340232,14.473625789197357
1099,68,praha 10,school,50.0634418992441,14.510558004327827
1100,69,praha 10,school,50.05155742382703,14.52526754801202
1101,70,praha 10,school,50.036322204570254,14.594178512522154
1102,71,praha 1,school,50.08962085567546,14.420885302239093
1103,74,praha 1,school,50.09090305744711,14.431290144468775
1104,75,praha 1,school,50.08482104746377,14.426696299065107
1105,76,praha 1,school,50.08442546436587,14.402918252842092
1106,79,praha 1,school,50.08429452178431,14.405202000000003
1107,80,praha 1,school,50.08823938190318,14.40543572286346
1108,83,praha 1,school,50.09130201165675,14.420318548560285
1109,86,praha 1,school,50.08444358174156,14.431697366495495
1110,88,praha 1,school,50.07826800000001,14.415756711754941
1111,89,praha 1,school,50.08933512741632,14.42433740642785
1112,93,praha 4,educatioanal center,50.04055137665171,14.42812402094761
1113,95,praha 1,school,50.07899332223439,14.417081941312173
1114,97,praha 1,school,50.08360168942239,14.414942577298174
1115,99,praha 1,school,50.08467265860705,14.430794394685131
1116,100,praha 1,school,50.07849593366612,14.425312557043053
1117,101,praha 2,school,50.06903421954523,14.418307969473112
1118,102,praha 10,school,50.06703126340233,14.458605040654433
1119,104,praha 2,school,50.075740561746265,14.416662975993997
1120,105,praha 2,school,50.07748268552723,14.438953404379971
1121,106,praha 2,school,50.07549552899768,14.426009413266769
1122,108,praha 2,school,50.0752925106758,14.43878028596603
1123,109,praha 2,educatioanal center,50.0752925106758,14.43878028596603
1124,111,praha 2,school,50.07549552899768,14.426009413266769
1125,112,praha 7,school,50.10821276827842,14.448408818512139
1126,114,praha 2,school,50.07575649653755,14.415938465722208
1127,115,praha 2,school,50.07748268552723,14.438953404379971
1128,116,praha 2,school,50.06966118151652,14.41551891147778
1129,119,praha 2,school,50.07368613044608,14.435751311674151
1130,120,praha 5,school,50.07235851067582,14.394649835276141
1131,121,praha 2,school,50.075535518754556,14.426509196087492
1132,122,praha 3,school,50.08391256174627,14.45041773827112
1133,124,praha 3,school,50.08236743104038,14.451178772548932
1134,125,praha 3,school,50.081447105747564,14.45545376576824
1135,127,praha 3,school,50.09212931836791,14.4758139158925
1136,128,praha 3,school,50.077071974464786,14.4771609167579
1137,130,praha 3,school,50.0760748812107,14.454184986409988
1138,131,praha 4,school,50.01902026781705,14.441976697126679
1139,132,praha 4,school,50.05234025618895,14.455095292111523
1140,136,praha 4,school,50.05491947735031,14.447110500000008
1141,137,praha 4,school,50.04520551067582,14.492389782820707
1142,138,praha 8,school,50.090732780454786,14.447863885654094
1143,139,praha 4,school,50.06217848211082,14.434901999999994
1144,141,praha 10,school,50.03446797639802,14.559640595765188
1145,142,praha 2,school,50.07428647960066,14.440535539817713
1146,143,praha 5,school,50.05308658728147,14.332292423538568
1147,144,praha 4,school,50.02873840161001,14.518967653471153
1148,146,praha 4,school,50.031007133244714,14.425771561429146
1149,147,praha 4,school,50.05246733611286,14.455816093254104
1150,148,praha 4,educatioanal center,50.05241467831387,14.455805258958927
1151,149,praha 4,school,50.0095385836748,14.424250791794405
1152,150,praha 4,school,50.0095385836748,14.424250791794405
1154,154,praha 10,school,50.07962746826102,14.502967397714878
1155,156,praha 4,school,50.0218598751225,14.499302884932947
1156,157,praha 4,school,50.0218598751225,14.499302884932947
1157,161,praha 4,school,50.0627465323159,14.440401894685118
1158,162,praha 4,school,50.0430493733335,14.452675322522845
1159,164,praha 4,school,50.028386608344654,14.534631240088801
1160,165,praha 4,school,50.028386608344654,14.534631240088801
1161,166,praha 4,school,50.032874557851116,14.511365141266124
1162,168,praha 4,school,50.03892952510254,14.424445550926217
1163,169,praha 4,educatioanal center,50.031007133244714,14.425771561429146
1164,171,praha 4,school,50.04568392423104,14.430390399965239
1165,172,praha 4,school,50.04568392423104,14.430390399965239
1166,175,praha 4,school,50.053103142362644,14.452907274165039
1167,176,praha 4,school,50.04818662724344,14.48672315098965
1168,179,praha 10,school,50.07962746826102,14.502967397714878
1169,181,praha 5,school,50.07091612101101,14.399445353857805
1170,182,praha 5,school,49.9813708262451,14.3607031490564
1171,183,praha 5,school,50.080380789341575,14.40692848153392
1172,184,praha 5,school,50.052390329159294,14.340595569507897
1173,188,praha 5,school,50.07553929225577,14.405951033296837
1174,189,praha 4,school,50.010620823503785,14.414453346153506
1175,190,praha 5,school,50.01141667055225,14.393237718391397
1176,191,praha 5,educatioanal center,50.01141667055225,14.393237718391397
1177,193,praha 5,school,49.98679304746377,14.356491809135333
1178,195,praha 6,school,50.069140522072765,14.305730999768855
1179,196,praha 5,school,50.0684035100989,14.372972025535232
1180,198,praha 5,school,50.04713444324542,14.356449940359886
1181,200,praha 5,school,50.04861174381106,14.40662615251885
1182,203,praha 5,school,50.06778051788916,14.341229947544575
1183,204,praha 6,school,50.066812605026435,14.313645902014061
1184,206,praha 5,school,50.07572376602806,14.401925912141602
1185,207,praha 6,school,50.099619141843036,14.36037539754198
1186,209,praha 6,school,50.08782744546711,14.387300381903176
1187,210,praha 6,school,50.10447423980034,14.407959389260776
1188,212,praha 6,school,50.085394143516474,14.343112028016728
1190,217,praha 9,school,50.0929256705236,14.516293132263765
1191,218,praha 6,school,50.09586902305374,14.293831233683504
1192,219,praha 9,school,50.12576914071786,14.571800823186674
1193,221,praha 6,school,50.100052568959626,14.386913727451084
1194,223,praha 6,educatioanal center,50.09932386150385,14.38734942226917
1195,224,praha 7,school,50.1076392850424,14.440906647210069
1196,226,praha 7,school,50.11721428893753,14.422965459749593
1197,227,praha 8,school,50.108099546165704,14.47107193603206
1198,228,praha 3,school,50.0764766960875,14.478360538981015
1199,229,praha 8,school,50.128113999480405,14.41232663087972
1200,231,praha 8,school,50.09004320511852,14.448605705378313
1201,233,praha 8,school,50.09050396641471,14.449387899099863
1202,235,praha 7,school,50.099039161261416,14.43504539272321
1203,236,praha 8,school,50.13326151341712,14.421466619337583
1204,237,praha 8,school,50.127292016100164,14.426827573576862
1206,239,praha 8,school,50.11223106633389,14.473059423250097
1207,242,praha 8,school,50.12912736720348,14.413227890337339
1208,243,praha 8,school,50.12912736720348,14.413227890337339
1209,244,praha 8,school,50.11827830004604,14.45037757923142
1210,246,praha 8,school,50.12851085178033,14.443706683305527
1211,248,praha 8,school,50.09068470996595,14.445639863321528
1212,249,praha 8,educatioanal center,50.09068470996595,14.445639863321528
1213,250,praha 8,educatioanal center,50.09068470996595,14.445639863321528
1214,252,praha 9,school,50.10055157227785,14.4903634087078
1215,255,praha 9,school,50.12568853721085,14.498297017744713
1216,257,praha 9,school,50.09189016651289,14.513232361734994
1217,259,praha 9,school,50.1513100829823,14.524138812106841
1218,260,praha 9,school,50.10986912683941,14.49982297599399
1219,261,praha 6,school,50.066812605026435,14.313645902014061
1220,262,praha 9,school,50.110856843181985,14.618874737549975
1221,264,praha 9,school,50.10090655395599,14.493651955883106
1222,267,praha 9,school,50.119296108517524,14.49193001304176
1223,268,praha 9,school,50.11907962724342,14.486693904379974
1224,270,praha 9,school,50.09177108021237,14.50062306719926
1225,271,praha 9,educatioanal center,50.09177108021237,14.50062306719926
1226,272,praha 9,school,50.09020430474924,14.666655998730583
1227,273,praha 9,school,50.10425194748725,14.570903789659626
1228,274,praha 8,school,50.1311561579432,14.475751356079487
1229,275,praha 8,school,50.1311561579432,14.475751356079487
1230,278,praha 9,school,50.0929256705236,14.516293132263765
1231,279,praha 9,school,50.109514461538616,14.50367299919193
1232,281,praha 9,school,50.10346112683939,14.513131559004954
1233,282,praha 9,school,50.10937223036526,14.556647279416504
1234,283,praha 9,educatioanal center,50.10937223036526,14.556647279416504
1235,285,praha 7,school,50.11721428893753,14.422965459749593
1236,286,praha 3,school,50.0878266711005,14.462275625454415
1237,287,praha 9,school,50.14731134448005,14.528026811010315
1238,288,praha 9,educatioanal center,50.14731134448005,14.528026811010315
1239,290,praha 9,school,50.105031580616384,14.559274680968267
1240,291,praha 9,school,50.10598763281202,14.549318562006055
1241,292,praha 10,school,50.04902454760799,14.521479090715266
1242,293,praha 10,educatioanal center,50.04902454760799,14.521479090715266
1243,297,praha 10,school,50.07962746826102,14.502967397714878
1244,299,praha 10,school,50.05155742382703,14.52526754801202
1245,300,praha 10,school,50.08226838776021,14.498734318599052
1246,302,praha 10,school,50.083909742166284,14.492598054965583
1247,303,praha 10,educatioanal center,50.083909742166284,14.492598054965583
1248,305,praha 10,school,50.07062552207277,14.452141080904852
1249,306,praha 10,school,50.084053782705126,14.494380392983032
1250,309,praha 10,school,50.06932780460503,14.496504143372258
1251,311,praha 10,school,50.05801446768412,14.486229859282137
1252,313,praha 10,school,50.07249670716731,14.477325112556912
1253,314,praha 9,school,50.14376262666653,14.508936703012385
1254,315,praha 10,school,50.04995026389325,14.53831803880812
1255,326,praha 2,school,50.075535518754556,14.426509196087492
1256,327,praha 2,educatioanal center,50.075535518754556,14.426509196087492
1257,328,praha 4,school,50.0597863277743,14.432923049108567
1258,331,praha 10,school,50.073640121876394,14.4787255967452
1259,335,praha 1,school,50.08581429641071,14.426066602429351
1260,339,praha 2,educatioanal center,50.074419478215695,14.422967214265102
1261,343,praha 1,school,50.08807954010618,14.41423324285877
1262,346,praha 1,school,50.08733457285476,14.41447737119872
1263,347,praha 1,educatioanal center,50.08733457285476,14.41447737119872
1264,348,praha 1,school,50.08803450874257,14.405533784349918
1265,349,praha 1,school,50.08803450874257,14.405533784349918
1266,351,praha 1,school,50.0859396880374,14.405337051907182
1267,353,praha 1,educatioanal center,50.08626189647413,14.405799767268796
1268,356,praha 1,school,50.0883195545329,14.392323199001678
1269,357,praha 1,school,50.0883195545329,14.392323199001678
1270,358,praha 1,school,50.0883195545329,14.392323199001678
1271,365,praha 2,school,50.06983486372556,14.4284988444514
1272,366,praha 2,school,50.076968543424414,14.44341116472387
1273,367,praha 2,school,50.076968543424414,14.44341116472387
1274,372,praha 2,school,50.07556950764606,14.424790112268452
1275,373,praha 2,school,50.07556950764606,14.424790112268452
1276,378,praha 2,school,50.074945878988984,14.43533959587984
1277,384,praha 3,school,50.083935999163295,14.453944051618704
1278,385,praha 2,school,50.06706296973292,14.41719440132155
1279,386,praha 2,school,50.071568374141556,14.438359017196687
1280,390,praha 3,school,50.08677141825843,14.467049407582621
1281,392,praha 4,school,50.04912108658898,14.467545624877504
1282,396,praha 4,school,50.02588155785112,14.456863806970961
1283,398,praha 4,school,50.03110292812619,14.525201070344599
1284,399,praha 4,school,50.03110292812619,14.525201070344599
1285,405,praha 4,school,50.01151901359,14.443763558832066
1286,408,praha 4,school,50.02746684704846,14.457665357003128
1287,412,praha 5,school,50.070662497085806,14.382010499019055
1288,415,praha 5,school,50.04363688037396,14.319592123521172
1289,419,praha 5,school,50.04902366887881,14.309374566218338
1290,424,praha 5,school,50.07439208021236,14.347452126636922
1291,428,praha 5,school,50.056604998903474,14.392782889000964
1292,429,praha 5,school,50.056604998903474,14.392782889000964
1293,436,praha 5,school,50.04710791479598,14.40821120272392
1294,440,praha 6,school,50.09632552039935,14.346528528709213
1295,442,praha 6,school,50.10470314683471,14.40338181611755
1296,443,praha 6,school,50.085149321686124,14.375794678458117
1297,447,praha 6,school,50.07461007187382,14.324356682266343
1298,450,praha 8,school,50.115626488458815,14.464079999999996
1299,453,praha 8,school,50.140309652778654,14.435244932829402
1300,457,praha 8,school,50.132764686104174,14.404161944428845
1301,461,praha 8,school,50.13331846378896,14.423962091176627
1302,465,praha 9,school,50.11831471911273,14.63134592509672
1303,469,praha 10,school,50.053270431040374,14.500573784349902
1304,472,praha 4,school,50.02806975021634,14.515441579865634
1305,473,praha 4,school,50.02806975021634,14.515441579865634
1306,477,praha 10,school,50.076043535634135,14.475381359426384
1307,478,praha 10,school,50.0835404690691,14.4967699546137
1308,482,praha 10,school,50.0361990133302,14.594764436176261
1309,483,praha 10,school,50.0361990133302,14.594764436176261
1310,485,praha 10,school,50.074589116567616,14.490292422413377
1311,489,praha 1,educatioanal center,50.0792334096601,14.418124469069104
1312,492,praha 2,educatioanal center,50.07626648932419,14.44341991326678
1313,494,praha 2,school,50.06249794725613,14.422710642910891
1314,495,praha 2,school,50.06249794725613,14.422710642910891
1315,499,praha 2,educatioanal center,50.0747954141035,14.437763271308183
1316,501,praha 2,school,50.07052546543375,14.437363388856733
1317,505,praha 2,educatioanal center,50.06627781043341,14.421464948092833
1318,509,praha 3,educatioanal center,50.094404223440385,14.481911902850774
1319,514,praha 4,educatioanal center,50.04600951788916,14.43836239508914
1320,515,praha 4,educatioanal center,50.01245662724344,14.41339492798197
1321,516,praha 4,educatioanal center,50.02546658338635,14.51145511962604
1322,517,praha 4,school,50.03605351485942,14.45922886372554
1323,520,praha 5,educatioanal center,50.07298949486412,14.40381737411291
1324,521,praha 6,educatioanal center,50.074452053551944,14.323867181112485
1325,522,praha 6,educatioanal center,50.10133813266779,14.389060336401306
1326,524,praha 6,educatioanal center,50.13214313128281,14.374036879969943
1327,525,praha 7,educatioanal center,50.103290419931874,14.434176567718884
1328,526,praha 8,educatioanal center,50.1264892018003,14.449635724104219
1329,527,praha 9,educatioanal center,50.12138721899697,14.501349092446048
1330,528,praha 9,educatioanal center,50.127480449362245,14.48835306546851
1331,533,praha 9,school,50.11862852842076,14.5053084446304
1332,555,praha 10,educatioanal center,50.078399489324205,14.491849416180969
1333,571,praha 1,school,50.08803238190316,14.405446755612038
1334,573,praha 1,school,50.092026066882156,14.419551262161558
1336,577,praha 1,school,50.07984635330952,14.423188425356233
1337,581,praha 1,school,50.09090305744711,14.431290144468775
1338,603,praha 2,school,50.07266949653756,14.447020332361944
1339,607,praha 2,school,50.071269425211995,14.437708466126228
1340,611,praha 2,school,50.07993879323673,14.435670975445738
1341,616,praha 2,school,50.07428647960066,14.440535539817713
1342,620,praha 2,school,50.0686988531653,14.419474958220398
1343,624,praha 2,school,50.073228,14.447745179006374
1344,629,praha 2,school,50.075804536211045,14.417630475993999
1345,633,praha 2,school,50.07356453067111,14.43430217320666
1346,637,praha 2,school,50.07679026089216,14.424608665156557
1347,642,praha 2,school,50.066640104362605,14.418272608113517
1348,675,praha 3,school,50.07709049956732,14.466922113797656
1349,678,praha 3,school,50.08275715598131,14.456301464885497
1350,682,praha 3,school,50.07838943104039,14.449126793640753
1351,685,praha 3,school,50.08588574104109,14.450538471983284
1352,688,praha 3,school,50.08355744214889,14.459399831813682
1353,692,praha 3,school,50.09376597945645,14.490655191932552
1354,696,praha 3,school,50.09155905107044,14.486713824888774
1355,700,praha 3,school,50.08864666720537,14.470375839863758
1356,704,praha 3,school,50.0836251684748,14.447414111431733
1357,707,praha 3,school,50.092437264556146,14.477546977494542
1358,816,praha 4,school,50.043283807086524,14.423575234780007
1359,820,praha 4,school,50.00958434722136,14.429898209821724
1360,824,praha 4,school,50.0462762240173,14.45027731975288
1361,827,praha 4,school,50.02567647432055,14.428903110623683
1362,830,praha 4,school,50.02199666723405,14.458346270961455
1363,833,praha 4,school,50.04750305551384,14.465003572594968
1364,836,praha 4,school,50.00751497668648,14.404146872612342
1365,840,praha 4,school,50.0045565545329,14.405643345547924
1366,843,praha 4,school,50.005968017526,14.45609001454152
1367,846,praha 4,school,50.02241147994644,14.429731500000003
1368,849,praha 4,school,50.04655199999999,14.436091270500109
1369,852,praha 4,school,50.04981287422847,14.489234724508245
1370,855,praha 4,school,50.06458454342439,14.43402030391252
1371,859,praha 4,school,50.03373333668977,14.505207056610368
1372,863,praha 4,school,50.058764528997685,14.451021335276124
1373,867,praha 4,school,50.03951343435862,14.432912420047462
1374,870,praha 4,school,50.045223529026345,14.482928014051366
1375,873,praha 4,school,50.028386608344654,14.534631240088801
1376,877,praha 4,school,49.992474059120546,14.465545726758585
1377,881,praha 4,school,50.052203328899495,14.450025148623729
1378,885,praha 4,school,50.03652640608207,14.503247340816044
1379,888,praha 4,school,50.029964350539565,14.513513062150302
1380,892,praha 4,school,50.03495281375161,14.518107504357436
1381,896,praha 4,school,50.0627034676841,14.43922838620234
1382,899,praha 4,school,50.043011752149596,14.44728341297832
1383,903,praha 4,school,50.054892444341924,14.442928830024673
1384,906,praha 4,school,50.052080345288125,14.43585724352258
1385,909,praha 4,school,50.03737815015293,14.413553286715857
1386,912,praha 4,school,50.012257724681135,14.510577925183343
1387,916,praha 4,school,50.00130884373024,14.431374107506988
1388,920,praha 4,school,50.03122083014023,14.48207726807686
1389,925,praha 4,school,50.008359279762274,14.451087850539583
1390,928,praha 4,school,50.01902026781705,14.441976697126679
1391,931,praha 4,school,50.01417982737029,14.433009283484537
1392,934,praha 4,school,50.02455520892768,14.492588588897599
1393,938,praha 4,school,50.0115249225576,14.479605554821362
1394,942,praha 4,school,50.057721630561645,14.421637305153292
1395,945,praha 4,school,50.02312782765875,14.517300818482544
1396,949,praha 4,school,50.03347040940029,14.53174805092622
1397,953,praha 4,school,50.01244429447746,14.423052964077423
1398,956,praha 4,school,50.0095385836748,14.424250791794405
1399,1040,praha 5,school,50.045171354146255,14.328498350914932
1400,1043,praha 5,school,50.04263786900567,14.3315199473421
1401,1046,praha 5,school,50.04362985094361,14.319584116884748
1402,1050,praha 5,school,49.98033150011557,14.35852563436989
1403,1052,praha 5,school,50.075175236482124,14.400590875410968
1404,1056,praha 5,school,50.04385358338634,14.33398191574828
1405,1060,praha 5,school,50.02819446266379,14.36962166134833
1406,1066,praha 5,school,50.07308564556529,14.39474298335158
1407,1069,praha 5,school,50.02973651794651,14.308591203069716
1408,1072,praha 5,school,50.03861869331753,14.343318493392228
1409,1075,praha 5,school,50.05261619871322,14.344553418287116
1410,1078,praha 5,school,50.04932534165276,14.367868811125883
1411,1083,praha 5,school,50.073530586704564,14.356161748687143
1412,1087,praha 5,school,50.07606344936226,14.406656548012032
1413,1093,praha 5,school,50.02041723400062,14.355005115153983
1414,1097,praha 5,school,49.9607874893242,14.356898413266777
1415,1100,praha 5,school,50.07300699030515,14.378303657077828
1416,1104,praha 5,school,50.059609469069095,14.393186509002378
1417,1108,praha 5,school,49.974372838190334,14.394168204685839
1418,1111,praha 5,school,50.05052367138898,14.31230263855349
1419,1115,praha 5,school,50.06592019900168,14.398931892578984
1420,1118,praha 5,school,50.01214331115454,14.38153447183905
1421,1121,praha 5,school,50.069131576173,14.366941281435734
1422,1126,praha 5,school,50.05236869248079,14.369436320964994
1423,1131,praha 5,school,50.036596224594206,14.37849628368608
1424,1134,praha 5,school,50.05025534722134,14.320936488199022
1425,1137,praha 5,school,50.04895156506449,14.34719439078997
1426,1141,praha 5,school,50.035083561169344,14.33886221885275
1427,1145,praha 5,school,50.05910957949121,14.288222775751569
1428,1148,praha 5,school,49.97576970384909,14.39525682154191
1429,1205,praha 6,school,50.12538352510254,14.37128696710719
1430,1208,praha 6,school,50.064082679987315,14.304880450804548
1431,1212,praha 6,school,50.14011043767682,14.37920354922413
1432,1217,praha 6,school,50.095049917594615,14.352804775317956
1433,1223,praha 6,school,50.10524090536094,14.387311781839763
1434,1228,praha 6,school,50.09558981652159,14.360267115471089
1435,1231,praha 6,school,50.090114125194624,14.343975053551965
1436,1236,praha 6,school,50.08319022069909,14.316365323648043
1437,1240,praha 6,school,50.10685715404808,14.397863674014719
1438,1245,praha 6,school,50.10089580183506,14.400623372612342
1439,1250,praha 6,school,50.101084634197,14.400294401061768
1440,1254,praha 6,school,50.09155074271453,14.377258258930247
1441,1258,praha 6,school,50.085149321686124,14.375794678458117
1442,1262,praha 6,school,50.10495526311385,14.37622041367081
1443,1267,praha 6,school,50.08781881320336,14.348597107276776
1444,1273,praha 6,school,50.08692611573089,14.367206202031438
1445,1276,praha 6,school,50.091379584251726,14.308220990362468
1446,1280,praha 6,school,50.110970424403945,14.330422769923194
1447,1283,praha 6,school,50.084691317791,14.375327448237075
1448,1287,praha 6,school,50.069140522072765,14.305730999768855
1449,1305,praha 7,school,50.102643226758595,14.427582400513495
1450,1309,praha 7,school,50.10054854177961,14.419830702896807
1451,1312,praha 7,school,50.099039161261416,14.43504539272321
1452,1316,praha 7,school,50.09720956341971,14.430811121991983
1453,1321,praha 7,school,50.10182746378897,14.447529471550583
1454,1325,praha 7,school,50.10821276827842,14.448408818512139
1455,1328,praha 7,school,50.11721428893753,14.422965459749593
1456,1372,praha 8,school,50.13161108327078,14.46921226037256
1457,1377,praha 8,school,50.132764686104174,14.404161944428845
1458,1381,praha 8,school,50.12762200943508,14.42694089641589
1459,1386,praha 8,school,50.13258034860633,14.422370280195903
1460,1390,praha 8,school,50.14004873659769,14.436905485284809
1461,1395,praha 8,school,50.093141773241406,14.458336779214017
1462,1400,praha 8,school,50.12349852452562,14.445881674995654
1463,1404,praha 8,school,50.10265564224706,14.474535264239044
1464,1408,praha 8,school,50.14566156448756,14.442940267008998
1465,1412,praha 8,school,50.12912736720348,14.413227890337339
1466,1417,praha 8,school,50.1479834995673,14.48378952844942
1467,1422,praha 8,school,50.123471300046035,14.459465598938255
1468,1427,praha 8,school,50.094103758237786,14.461644393848392
1469,1430,praha 8,school,50.10741998473656,14.472408251889776
1470,1434,praha 8,school,50.13248345325738,14.468885639044418
1471,1438,praha 8,school,50.12851085178033,14.443706683305527
1472,1443,praha 8,school,50.125418761556,14.478156433406312
1473,1447,praha 8,educatioanal center,50.090910831525214,14.448687804749248
1474,1507,praha 9,school,50.10218540022503,14.535300821022291
1475,1510,praha 9,school,50.0980004851406,14.546100389260767
1476,1514,praha 9,school,50.10452256174627,14.583082761728882
1477,1518,praha 9,school,50.13093171769891,14.509474956027345
1478,1521,praha 9,school,50.1463540885509,14.581524678313878
1479,1525,praha 9,school,50.10682426836533,14.605677906803235
1480,1529,praha 9,school,50.110856843181985,14.618874737549975
1481,1533,praha 9,school,50.11085611962604,14.593476369265456
1482,1537,praha 9,school,50.13409440997721,14.545136348029422
1483,1540,praha 9,school,50.138229618876224,14.506501283945898
1484,1542,praha 9,school,50.08887707161402,14.582675950170309
1485,1545,praha 9,school,50.08043346823237,14.617078196318628
1486,1548,praha 9,school,50.095478682757275,14.669163635350825
1487,1551,praha 9,school,50.105031580616384,14.559274680968267
1488,1554,praha 9,school,50.15079540605341,14.526599225748981
1489,1559,praha 9,school,50.059551353309516,14.640349407005726
1490,1562,praha 9,school,50.12749146047074,14.497863223151928
1491,1565,praha 9,school,50.12104018122806,14.486812119481817
1492,1568,praha 9,school,50.119296108517524,14.49193001304176
1493,1572,praha 9,school,50.10591339078998,14.483395460326523
1494,1575,praha 9,school,50.10995107048884,14.504544271452403
1495,1578,praha 9,school,50.10649868140287,14.571575227134304
1496,1581,praha 9,school,50.10476638856829,14.549799918950939
1497,1584,praha 9,school,50.07826096892487,14.654822077356409
1498,1588,praha 9,school,50.11135578377299,14.615396648219676
1499,1592,praha 9,school,50.124929009694874,14.573893103093193
1500,1596,praha 9,school,50.1352915100989,14.511176418950939
1501,1598,praha 9,educatioanal center,50.11087069386579,14.616954398551611
1502,1668,praha 10,school,50.07454250346244,14.500831562727225
1503,1671,praha 10,school,50.06423933666111,14.511159229268761
1504,1673,praha 10,school,50.07101962724343,14.45706487745978
1505,1675,praha 10,school,50.07971549070918,14.49425295195838
1506,1678,praha 10,school,50.07070048600596,14.506269610883484
1507,1680,praha 10,school,50.05871101301309,14.50795898462098
1508,1682,praha 10,school,50.072272576173,14.472623812799316
1509,1684,praha 10,school,50.06917672491228,14.474475532633027
1510,1686,praha 10,school,50.07072611573089,14.467067756420102
1511,1689,praha 10,school,50.066801999999996,14.448038218968303
1512,1691,praha 10,school,50.08226838776021,14.498734318599052
1513,1693,praha 10,school,50.054877032460126,14.497122119453156
1514,1696,praha 10,school,50.07045848211084,14.492560499999996
1515,1699,praha 10,school,50.03446797639802,14.559640595765188
1516,1702,praha 10,school,50.046483013099056,14.56198357989525
1517,1705,praha 10,school,50.0400793960701,14.561582700097267
1518,1708,praha 10,school,50.041015638351936,14.55064500481877
1519,1711,praha 10,school,50.04902454760799,14.521479090715266
1520,1714,praha 10,school,50.04995026389325,14.53831803880812
1521,1717,praha 10,school,50.03611322427708,14.596298689105273
1522,1719,praha 10,school,50.02966491759462,14.604051709677485
1523,1722,praha 10,school,50.05742364472857,14.561218123204052
1524,1725,praha 10,school,50.011642895377605,14.625810465318182
1525,1729,praha 10,school,50.0707811740147,14.551588508194312
1526,1733,praha 10,school,50.06308804830048,14.591126306942302
1527,1738,praha 7,school,50.1076392850424,14.440906647210069
1528,1739,praha 8,school,50.12463957285476,14.459677869265473
1529,1740,praha 9,school,50.124638932021334,14.502009031796305
1530,1741,praha 9,school,50.113167841797015,14.611925253938592
1531,1742,praha 9,educatioanal center,50.113167841797015,14.611925253938592
1532,1744,praha 9,school,50.10206544546709,14.50396629225577
1533,1746,praha 9,school,50.09177108021237,14.50062306719926
1534,1747,praha 10,school,50.05271080875997,14.540710171706088
1535,1748,praha 4,educatioanal center,50.009725655288825,14.469364682959766
1536,1751,praha 5,school,50.04713444324542,14.356449940359886
1537,1754,praha 5,school,50.07620456869982,14.397598604478178
1538,1755,praha 5,school,50.07620456869982,14.397598604478178
1539,1760,praha 9,school,50.10734939020689,14.539162552528106
1540,1764,praha 10,school,50.06914943825374,14.45454048182236
1541,1767,praha 7,school,50.097536874545575,14.422205191759648
1542,1769,praha 10,school,50.065021486005975,14.454778887731552
1543,1771,praha 4,school,50.0638354782157,14.433948167638079
1544,1773,praha 4,school,50.047803010820054,14.487426128195711
1545,1782,praha 8,school,50.09369411573091,14.463797230884891
1546,1789,praha 4,school,50.02724354342439,14.459400000000016
1547,1792,praha 2,school,50.07325462308848,14.435912505395704
1548,1793,praha 2,school,50.07325462308848,14.435912505395704
1549,1797,praha 8,school,50.1311561579432,14.475751356079487
1550,1798,praha 8,school,50.12408509325409,14.482830973051145
1551,1810,praha 6,school,50.069548760199666,14.304618781147258
1552,1816,praha 5,school,50.05509336280192,14.35392597573418
1553,1819,praha 6,school,50.10524090536094,14.387311781839763
1554,1820,praha 5,school,50.06784480598999,14.402196610018095
1555,1826,praha 10,school,50.03500357617299,14.560499860667118
1556,1832,praha 4,school,50.02806975021634,14.515441579865634
1557,1835,praha 4,school,50.026728710773995,14.527814469127339
1558,1836,praha 1,school,50.08938497919664,14.424319695279417
1559,1838,praha 6,school,50.08397556174628,14.366073755900509
1560,1840,praha 4,school,50.05952846523125,14.441836808298598
1561,1841,praha 1,school,50.0843807082925,14.421467869842388
1562,1843,praha 9,school,50.125706280830144,14.506286757632182
1563,1847,praha 4,school,50.04992062003006,14.453554206359277
1564,1848,praha 4,school,50.04992062003006,14.453554206359277
1565,1853,praha 10,school,50.03500357617299,14.560499860667118
1566,1855,praha 4,school,50.005968017526,14.45609001454152
1567,1861,praha 5,educatioanal center,50.043291968896185,14.32382234655752
1568,1875,praha 5,school,49.98542674712926,14.356826613364976
1569,1884,praha 9,school,50.09029492284608,14.513417993017775
1570,1889,praha 5,school,50.05052367138898,14.31230263855349
1571,1895,praha 4,school,50.03951343435862,14.432912420047462
1572,1897,praha 5,school,50.05986627921401,14.393765357752937
1573,1901,praha 10,school,50.07118647792722,14.452380199001679
1574,1910,praha 6,school,50.08280737440136,14.357072141698808
1575,1928,praha 4,school,50.043011752149596,14.44728341297832
1576,1938,praha 10,school,50.07276044936224,14.452759718564275
1577,1942,praha 9,school,50.12281551569614,14.499370275636016
1578,1946,praha 6,school,50.105861057995355,14.38826837235254
1579,1952,praha 4,school,50.03944200000001,14.456866244503553
1580,1953,praha 4,school,50.03944200000001,14.456866244503553
1581,1977,praha 4,school,50.02375256116933,14.51415326992319
1582,1983,praha 7,school,50.117380457152535,14.429848499999991
1583,2005,praha 9,school,50.09907658728149,14.484492094090818
1584,2009,praha 5,school,50.07046819594326,14.38211534067183
1585,2020,praha 9,school,50.13471300360669,14.508092033845099
1586,2034,praha 9,school,50.09020430474924,14.666655998730583
1587,2065,praha 4,school,50.007370190951576,14.46766081242396
1588,2069,praha 4,school,50.0165241107679,14.46990821622701
1589,2080,praha 2,school,50.06992111296094,14.430817907842426
1590,2089,praha 4,school,50.03339070133895,14.478179538836761
1591,2092,praha 9,school,50.10277243297364,14.53518025494822
1592,2093,praha 9,school,50.14972204884876,14.526468079779656
1593,2097,praha 6,school,50.109325920624364,14.3938008405276
1594,2104,praha 2,educatioanal center,50.071269425211995,14.437708466126228
1595,2112,praha 4,school,50.03122083014023,14.48207726807686
1596,2132,praha 5,school,50.03861869331753,14.343318493392228
1597,2138,praha 8,school,50.12869753511451,14.467590720814648
1598,2150,praha 9,school,50.09189016651289,14.513232361734994
1599,2156,praha 8,educatioanal center,50.12341831833923,14.451959799584708
1600,2157,praha 4,school,50.04349738386507,14.428987496941586
1601,2160,praha 8,school,50.127292016100164,14.426827573576862
1602,2166,praha 10,school,50.07118647792722,14.452380199001679
1603,2181,praha 6,school,50.12296654731953,14.39029696280801
1604,2186,praha 9,school,50.08707373022106,14.576557943678104
1605,2194,praha 6,school,50.107033047463766,14.387014394108197
1606,2202,praha 4,school,50.052080345288125,14.43585724352258
1607,2224,praha 4,school,50.01557801304174,14.54142088594255
1608,2233,praha 9,school,50.09148291531559,14.56182158886896
1609,2237,praha 4,school,50.061861587281484,14.443415486814024
1610,2240,praha 5,school,50.03769340161003,14.338353184574954
1611,2243,praha 8,school,50.128113999480405,14.41232663087972
1613,2247,praha 4,school,50.06196058728149,14.442658847625385
1614,2250,praha 4,educatioanal center,50.035631529863046,14.522350500000016
1615,2252,praha 4,school,50.024268000000006,14.413152303248708
1616,2260,praha 5,school,50.04213655395598,14.400790805441739
1617,2263,praha 9,school,50.10543454731954,14.537864241473791
1618,2267,praha 4,school,50.058202851780315,14.432495402014043
1619,2268,praha 9,school,50.12232699523948,14.579450644381865
1620,2269,praha 10,school,50.068139627243426,14.450236679439074
1621,2270,praha 10,school,50.07701655063776,14.523836901985405
1622,2271,praha 3,school,50.0836251684748,14.447414111431733
